customer_id,created_at,churned,company_size,contract_type,plan_tier,acquisition_channel,industry,country,tenure_days,company_size_enc,contract_type_enc,plan_tier_enc,acquisition_channel_enc,industry_enc,country_enc,months_active,avg_sessions_all,avg_sessions_3m,avg_adoption_all,avg_adoption_3m,sessions_trend,adoption_trend,sessions_mom_change,avg_api_calls,avg_active_users,total_tickets,tickets_last_3m,avg_csat,min_csat,avg_resolution_hours,pct_billing_tickets,pct_bug_tickets,high_priority_tickets,total_payments,failed_payment_count,late_payment_count,pct_on_time,avg_days_late,payment_ratio,recent_failed_payments,avg_monthly_revenue,target
CUST-516BEFFB,2024-03-19,True,SMB,Annual,Pro,Partner,E-commerce,Australia,287,0,1,1,2,0,0,7,64.71,51.67,0.4599,0.32,-9.3214,-0.0761,-24.0,233.0,3.43,3.0,3.0,3.6666666666666665,2.0,20.891816879999997,0.667,0.333,3.0,7,0,2,0.714,8.29,1.0,0,299.0,1
CUST-6BBC7581,2023-06-05,False,SMB,Annual,Basic,Paid,Education,India,575,0,1,0,1,1,4,19,78.79,74.67,0.787,0.8323,-0.3439,0.0057,1.0,530.84,4.16,7.0,1.0,4.142857142857143,2.0,18.99066116246032,0.0,0.429,1.0,19,0,2,0.895,2.32,1.0,0,99.0,0
CUST-97D7E676,2024-01-08,True,Mid-Market,Annual,Pro,Organic,Retail,France,358,1,1,1,0,6,2,5,54.0,43.67,0.4936,0.418,-8.5,-0.0735,6.0,161.4,2.0,1.0,1.0,5.0,5.0,17.803622010833333,1.0,0.0,0.0,5,0,0,1.0,0.0,1.0,0,299.0,1
CUST-1D726390,2022-08-10,False,Mid-Market,Annual,Enterprise,Organic,Logistics,India,874,1,1,2,0,4,4,29,83.86,82.0,0.7472,0.7337,-0.2749,0.0004,-3.0,481.28,4.45,3.0,1.0,3.6666666666666665,2.0,13.75415313101852,0.0,0.333,1.0,29,1,0,0.966,0.55,0.9655,0,999.0,0
CUST-285F03CC,2024-11-06,False,Mid-Market,Annual,Pro,Paid,Retail,France,55,1,1,1,1,6,2,2,37.5,37.5,0.265,0.265,0.0,0.0,-9.0,305.5,3.5,0.0,0.0,0.0,0.0,0.0,0.0,0.0,0.0,2,0,1,0.5,6.0,1.0,0,299.0,0
CUST-FEC553EB,2024-02-10,True,Enterprise,Multi-Year,Enterprise,Partner,E-commerce,France,325,2,2,2,2,0,2,7,42.0,37.33,0.4029,0.3993,-2.5,-0.0164,-3.0,195.29,2.29,4.0,1.0,1.75,1.0,51.75046192125,0.0,0.5,1.0,7,0,2,0.714,3.86,1.0,0,999.0,1
CUST-BBBBBA86,2022-07-31,False,SMB,Monthly,Basic,Paid,E-commerce,Canada,884,0,0,0,1,0,1,30,77.73,71.67,0.7487,0.803,-0.307,0.0006,3.0,501.8,4.73,3.0,2.0,4.0,3.0,20.082642221851852,0.0,0.0,0.0,30,0,2,0.933,1.17,1.0,0,99.0,0
CUST-966A636F,2023-12-28,True,SMB,Annual,Pro,Organic,Retail,UK,369,0,1,1,0,6,5,10,47.4,29.33,0.41,0.242,-6.0727,-0.0493,7.0,211.8,2.7,2.0,1.0,2.5,2.0,22.474190258055557,0.5,0.5,1.0,10,1,1,0.8,8.2,0.9,0,299.0,1
CUST-800B201F,2023-08-04,True,SMB,Monthly,Pro,Paid,Retail,India,515,0,0,1,1,6,4,13,85.77,83.33,0.7294,0.6787,-0.5604,-0.008,-1.0,481.23,4.77,4.0,2.0,4.25,3.0,27.503407089305554,0.0,0.0,0.0,13,0,0,1.0,0.0,1.0,0,299.0,1
CUST-7CA82FBA,2024-03-16,True,SMB,Monthly,Pro,Partner,Manufacturing,Australia,290,0,0,1,2,5,0,10,61.6,60.67,0.4582,0.3293,-0.6788,-0.0537,10.0,217.3,2.1,4.0,1.0,2.25,1.0,14.83389851736111,0.75,0.0,1.0,10,2,3,0.3,10.6,0.4,1,299.0,1
CUST-221DAEFC,2024-03-05,True,Mid-Market,Monthly,Pro,Paid,Healthcare,US,301,1,0,1,1,3,6,6,31.67,29.67,0.4155,0.438,0.7429,0.0127,14.0,191.5,2.67,3.0,3.0,2.0,1.0,55.4945709637037,0.0,0.667,0.0,6,0,1,0.833,4.0,1.0,0,299.0,1
CUST-98FAE552,2024-03-05,True,SMB,Multi-Year,Basic,Organic,SaaS,Australia,301,0,2,0,0,7,0,5,36.4,38.33,0.4204,0.4917,-1.0,0.051,-14.0,227.2,2.0,3.0,3.0,2.6666666666666665,1.0,42.925130770833334,0.0,0.0,0.0,5,1,0,0.8,5.8,0.8,1,99.0,1
CUST-A74B0EED,2024-04-07,True,SMB,Monthly,Basic,Paid,Manufacturing,US,268,0,0,0,1,5,6,6,38.17,42.33,0.298,0.1147,-0.9429,-0.1073,-11.0,206.83,3.17,1.0,1.0,2.0,2.0,22.966992232499997,1.0,0.0,0.0,6,2,0,0.667,12.67,0.6667,1,99.0,1
CUST-DE5FBF9B,2024-08-26,True,Mid-Market,Monthly,Pro,Referral,SaaS,UK,127,1,0,1,3,7,5,4,56.0,54.67,0.5585,0.5467,-9.4,-0.0092,-29.0,235.5,3.25,0.0,0.0,0.0,0.0,0.0,0.0,0.0,0.0,4,1,1,0.5,16.5,0.75,0,299.0,1
CUST-F49CFD0B,2024-08-09,True,SMB,Monthly,Basic,Partner,E-commerce,US,144,0,0,0,2,0,6,4,52.75,56.0,0.645,0.56,0.9,-0.141,-3.0,217.75,3.5,2.0,2.0,4.0,4.0,6.243625503472222,0.0,0.5,0.0,4,0,0,1.0,0.0,1.0,0,99.0,1
CUST-33BEF1FA,2024-03-16,False,Mid-Market,Monthly,Pro,Referral,Healthcare,Australia,290,1,0,1,3,3,0,10,31.6,29.67,0.3835,0.3653,0.3394,-0.0146,-3.0,184.3,3.1,8.0,5.0,2.5,1.0,47.23523976048611,0.0,0.375,4.0,10,1,1,0.8,7.7,0.9,0,299.0,0
CUST-A9E5A0B3,2024-06-06,False,Enterprise,Multi-Year,Enterprise,Referral,Finance,France,208,2,2,2,3,2,2,7,51.43,36.33,0.4819,0.3817,-6.3929,-0.0405,-10.0,167.14,2.57,0.0,0.0,0.0,0.0,0.0,0.0,0.0,0.0,7,0,3,0.571,7.86,1.0,0,999.0,0
CUST-F534DA4A,2024-02-07,False,SMB,Annual,Basic,Organic,Finance,UK,328,0,1,0,0,2,5,11,36.45,15.67,0.3726,0.177,-4.7091,-0.0488,12.0,235.91,2.45,2.0,2.0,4.0,3.0,27.196674278611113,0.5,0.0,0.0,11,0,0,1.0,0.0,1.0,0,99.0,0
CUST-7209D42C,2024-05-27,True,SMB,Monthly,Pro,Organic,E-commerce,UK,218,0,0,1,0,0,5,6,45.67,39.0,0.5098,0.4893,-6.1143,-0.0189,1.0,206.0,2.5,0.0,0.0,0.0,0.0,0.0,0.0,0.0,0.0,6,1,2,0.5,12.5,0.8333,0,299.0,1
CUST-B28438DB,2024-06-13,True,Mid-Market,Monthly,Pro,Paid,Logistics,Australia,201,1,0,1,1,4,0,5,34.6,31.67,0.3736,0.3897,-2.1,0.0016,1.0,215.2,2.0,2.0,2.0,1.5,1.0,57.83015326527777,0.0,1.0,0.0,5,1,0,0.8,6.4,0.8,0,299.0,1
CUST-E0A01926,2023-08-16,False,SMB,Monthly,Basic,Partner,Education,Germany,503,0,0,0,2,1,3,17,32.06,33.33,0.4028,0.4017,0.7892,-0.0026,4.0,223.59,2.47,11.0,1.0,2.6363636363636362,1.0,47.60973573929293,0.0,0.727,1.0,17,0,1,0.941,0.47,1.0,0,99.0,0
CUST-C6562D9B,2024-02-09,True,SMB,Monthly,Basic,Paid,E-commerce,France,326,0,0,0,1,0,2,11,33.18,34.0,0.3803,0.3113,-0.0364,-0.0135,13.0,167.09,1.82,7.0,3.0,2.4285714285714284,1.0,50.77552326349207,0.286,0.571,0.0,11,2,3,0.545,10.18,0.8182,1,99.0,1
CUST-8BB1BF71,2023-04-29,False,SMB,Monthly,Basic,Partner,E-commerce,France,612,0,0,0,2,0,2,21,80.57,86.0,0.7414,0.7037,0.0026,-0.0024,-25.0,507.0,5.33,1.0,1.0,5.0,5.0,10.904201452499999,0.0,0.0,0.0,21,0,0,1.0,0.0,1.0,0,99.0,0
CUST-C896475E,2024-06-14,False,SMB,Annual,Basic,Paid,E-commerce,US,200,0,1,0,1,0,6,7,32.86,32.0,0.3761,0.3727,1.1786,-0.0038,19.0,219.14,3.43,5.0,3.0,2.6,1.0,48.82623838433333,0.0,0.0,0.0,7,0,1,0.857,2.43,1.0,0,99.0,0
CUST-E35EB880,2023-08-17,False,SMB,Monthly,Basic,Partner,SaaS,Germany,502,0,0,0,2,7,3,17,78.0,81.67,0.7338,0.737,0.375,0.0023,3.0,495.47,4.65,3.0,2.0,3.6666666666666665,3.0,13.666430367037037,0.0,0.0,1.0,17,0,0,1.0,0.0,1.0,0,99.0,0
CUST-EE032E79,2023-04-22,False,SMB,Monthly,Pro,Paid,Logistics,France,619,0,0,1,1,4,2,21,81.62,84.33,0.781,0.8327,-0.5156,0.0013,5.0,500.71,4.43,6.0,3.0,3.5,1.0,13.599638493657407,0.167,0.167,3.0,21,0,0,1.0,0.0,1.0,0,299.0,0
CUST-83384F19,2023-12-05,False,SMB,Annual,Basic,Organic,SaaS,Canada,392,0,1,0,0,7,1,13,78.15,76.67,0.7568,0.7487,-0.6429,-0.0129,39.0,452.38,4.46,2.0,1.0,4.0,4.0,12.061675194583332,0.0,0.0,0.0,13,0,0,1.0,0.0,1.0,0,99.0,0
CUST-813A8F52,2024-03-28,True,SMB,Monthly,Pro,Paid,E-commerce,US,278,0,0,1,1,0,6,9,61.11,50.0,0.4737,0.467,-0.6667,-0.0004,64.0,246.44,2.67,5.0,3.0,3.2,1.0,9.750134503999998,0.6,0.0,1.0,9,1,2,0.667,7.0,0.8889,0,299.0,1
CUST-66D5F3B2,2024-04-30,False,Mid-Market,Annual,Pro,Referral,Education,US,245,1,1,1,3,1,6,9,41.22,21.33,0.3981,0.159,-6.7,-0.0609,-22.0,192.56,2.67,0.0,0.0,0.0,0.0,0.0,0.0,0.0,0.0,9,0,1,0.889,0.67,1.0,0,299.0,0
CUST-AB226234,2024-11-07,True,SMB,Monthly,Pro,Organic,Retail,Germany,54,0,0,1,0,6,3,2,10.5,10.5,0.308,0.308,0.0,0.0,-17.0,259.0,3.5,0.0,0.0,0.0,0.0,0.0,0.0,0.0,0.0,2,0,0,1.0,0.0,1.0,0,299.0,1
CUST-3E89AD2A,2023-08-28,False,Mid-Market,Monthly,Pro,Paid,Manufacturing,Australia,491,1,0,1,1,5,0,17,79.82,72.67,0.7639,0.7753,0.0686,0.0011,-15.0,526.29,4.12,1.0,1.0,5.0,5.0,1.0,0.0,1.0,0.0,17,0,0,1.0,0.0,1.0,0,299.0,0
CUST-FD6B2FD6,2024-09-29,False,Enterprise,Annual,Enterprise,Referral,Logistics,UK,93,2,1,2,3,4,5,4,28.25,23.67,0.242,0.2213,-5.7,-0.0918,-10.0,212.5,1.75,1.0,1.0,1.0,1.0,19.09408471833333,0.0,0.0,0.0,4,1,1,0.5,12.5,0.75,0,999.0,0
CUST-760D7A36,2024-04-27,False,Mid-Market,Monthly,Enterprise,Paid,E-commerce,Canada,248,1,0,2,1,0,1,9,36.89,31.67,0.49,0.4583,-1.4,0.0198,-24.0,172.0,2.56,3.0,1.0,4.0,3.0,31.08694910175926,0.667,0.0,1.0,9,2,1,0.556,6.0,0.5556,1,999.0,0
CUST-78427E8D,2023-11-18,False,Mid-Market,Monthly,Pro,Paid,Retail,UK,409,1,0,1,1,6,5,14,86.79,80.0,0.745,0.6437,-1.0,-0.0044,6.0,457.29,5.14,1.0,1.0,4.0,4.0,29.37314542361111,0.0,0.0,0.0,14,0,1,0.929,2.14,1.0,0,299.0,0
CUST-E9F5F759,2024-02-24,False,Mid-Market,Monthly,Enterprise,Partner,E-commerce,US,311,1,0,2,2,0,6,11,55.55,40.67,0.4715,0.3677,-5.2273,-0.0097,-14.0,223.82,2.73,5.0,3.0,3.4,3.0,18.211947084777776,0.6,0.2,2.0,11,3,2,0.455,14.73,0.5455,1,999.0,0
CUST-994B93AA,2024-05-24,True,Mid-Market,Monthly,Enterprise,Organic,Education,Australia,221,1,0,2,0,1,0,7,32.71,32.67,0.4223,0.4127,1.3214,-0.0178,-3.0,284.57,3.14,5.0,5.0,3.0,2.0,45.69280789566667,0.2,0.4,2.0,7,1,1,0.714,9.86,0.8571,0,999.0,1
CUST-BCA3DE37,2023-04-04,False,Mid-Market,Monthly,Pro,Partner,Healthcare,Canada,637,1,0,1,2,3,1,21,78.52,78.33,0.7636,0.7677,0.4753,-0.0043,1.0,452.52,4.57,2.0,1.0,4.0,4.0,26.448142950138887,0.0,0.5,1.0,21,0,3,0.857,2.62,1.0,0,299.0,0
CUST-645AB606,2024-04-28,False,Enterprise,Multi-Year,Enterprise,Referral,SaaS,France,247,2,2,2,3,7,2,9,85.22,94.33,0.776,0.7373,1.25,-0.014,0.0,495.78,4.11,1.0,1.0,5.0,5.0,9.760645130277778,0.0,0.0,0.0,9,0,0,1.0,0.0,1.0,0,999.0,0
CUST-0837D102,2024-01-06,False,SMB,Annual,Pro,Paid,Healthcare,Germany,360,0,1,1,1,3,3,12,79.42,80.0,0.7411,0.7567,-0.1643,-0.0012,13.0,512.58,4.67,1.0,1.0,4.0,4.0,26.2015818675,0.0,0.0,0.0,12,0,0,1.0,0.0,1.0,0,299.0,0
CUST-7CC14857,2023-12-27,False,Mid-Market,Annual,Pro,Partner,Retail,India,370,1,1,1,2,6,4,13,34.54,29.0,0.3912,0.4153,-1.1593,-0.0034,-12.0,207.08,3.15,9.0,2.0,1.8888888888888888,1.0,50.33789418274691,0.222,0.444,4.0,13,1,2,0.769,5.08,0.9231,0,299.0,0
CUST-5B44D451,2023-10-31,False,Mid-Market,Monthly,Enterprise,Organic,Education,US,427,1,0,2,0,1,6,15,33.73,32.0,0.378,0.3867,-0.1214,0.0036,9.0,165.4,2.27,11.0,3.0,2.727272727272727,1.0,41.892321631439394,0.273,0.364,0.0,15,1,3,0.733,5.6,0.9333,0,999.0,0
CUST-DE9645B2,2023-12-30,True,SMB,Annual,Pro,Paid,SaaS,UK,367,0,1,1,1,7,5,13,31.92,30.67,0.399,0.372,-0.0824,-0.0036,10.0,205.08,2.85,11.0,4.0,2.6363636363636362,1.0,46.85979729949495,0.182,0.364,5.0,13,0,1,0.923,1.38,1.0,0,299.0,1
CUST-43E0F504,2024-03-17,True,SMB,Monthly,Pro,Organic,Retail,France,289,0,0,1,0,6,2,5,57.0,57.33,0.5696,0.4513,-1.2,-0.0943,-16.0,273.2,3.0,0.0,0.0,0.0,0.0,0.0,0.0,0.0,0.0,5,0,0,1.0,0.0,1.0,0,299.0,1
CUST-51BF59F3,2023-07-05,False,SMB,Multi-Year,Basic,Referral,Education,US,545,0,2,0,3,1,6,18,80.94,63.67,0.7332,0.7337,-1.0227,-0.0014,1.0,508.94,4.17,5.0,2.0,4.2,2.0,18.085199450555557,0.0,0.2,3.0,18,1,1,0.889,3.72,0.9444,0,99.0,0
CUST-3BE29891,2024-06-20,True,SMB,Annual,Basic,Organic,Education,US,194,0,1,0,0,1,6,6,35.5,38.33,0.3452,0.3023,0.2,-0.0091,6.0,191.33,3.0,4.0,4.0,2.5,1.0,60.60890591659722,0.0,0.25,0.0,6,0,1,0.833,3.0,1.0,0,99.0,1
CUST-EC330424,2024-05-10,False,Mid-Market,Multi-Year,Enterprise,Partner,Retail,UK,235,1,2,2,2,6,5,8,45.5,28.67,0.4631,0.3627,-6.4524,-0.0463,10.0,150.75,2.88,1.0,1.0,2.0,2.0,9.536402801111112,0.0,1.0,0.0,8,1,2,0.625,8.88,0.875,0,999.0,0
CUST-F009A4EC,2023-08-02,False,SMB,Monthly,Pro,Referral,Manufacturing,India,517,0,0,1,3,5,4,17,74.59,70.67,0.7477,0.7217,0.4975,0.0013,14.0,480.59,4.29,1.0,1.0,4.0,4.0,20.032359545833334,0.0,0.0,1.0,17,0,0,1.0,0.0,1.0,0,299.0,0
CUST-97EADF75,2024-02-06,True,Mid-Market,Monthly,Pro,Referral,Healthcare,Germany,329,1,0,1,3,3,3,11,47.09,60.67,0.381,0.3643,5.2818,-0.0067,-25.0,214.82,2.82,7.0,3.0,3.0,2.0,17.560754741984127,0.857,0.0,0.0,11,3,1,0.636,10.73,0.7273,1,299.0,1
CUST-114F18E2,2024-02-05,False,SMB,Monthly,Pro,Partner,Retail,Australia,330,0,0,1,2,6,0,11,40.82,7.33,0.3698,0.2653,-7.6636,-0.036,0.0,145.27,2.36,4.0,2.0,3.5,1.0,14.189364675208333,0.0,0.25,2.0,11,0,3,0.727,6.09,1.0,0,299.0,0
CUST-729DD76D,2024-08-12,False,Mid-Market,Annual,Enterprise,Organic,Healthcare,India,141,1,1,2,0,3,4,5,56.6,52.0,0.5472,0.5447,-4.0,0.0086,-3.0,135.6,3.0,1.0,1.0,5.0,5.0,24.620518347500003,0.0,0.0,0.0,5,1,0,0.8,7.6,0.8,1,999.0,0
CUST-9B4B668E,2023-03-14,False,Mid-Market,Monthly,Enterprise,Paid,Manufacturing,UK,658,1,0,2,1,5,5,22,79.77,81.33,0.7691,0.7423,-0.0085,-0.0015,8.0,513.05,4.27,3.0,1.0,4.666666666666667,4.0,14.125578373055555,0.0,0.0,1.0,22,0,0,1.0,0.0,1.0,0,999.0,0
CUST-BF411567,2024-02-26,True,Enterprise,Multi-Year,Enterprise,Partner,E-commerce,France,309,2,2,2,2,0,2,6,37.5,36.33,0.4132,0.3717,0.3714,-0.0202,11.0,194.17,2.83,4.0,4.0,2.5,1.0,48.03366724638889,0.0,0.25,0.0,6,0,0,1.0,0.0,1.0,0,999.0,1
CUST-64680746,2024-05-06,False,SMB,Annual,Basic,Organic,Healthcare,UK,239,0,1,0,0,3,5,8,42.75,33.0,0.4649,0.355,-2.7619,-0.034,22.0,240.12,3.12,1.0,1.0,4.0,4.0,11.005047798333333,0.0,0.0,0.0,8,2,0,0.75,10.62,0.75,1,99.0,0
CUST-6C51C4C7,2023-11-13,False,Enterprise,Multi-Year,Enterprise,Partner,Healthcare,UK,414,2,2,2,2,3,5,14,35.57,35.33,0.4285,0.4373,0.0484,-0.0014,17.0,178.57,2.93,13.0,5.0,2.4615384615384617,1.0,45.709763552841885,0.077,0.538,6.0,14,0,1,0.929,1.71,1.0,0,999.0,0
CUST-314DB0B8,2022-11-07,False,Mid-Market,Annual,Enterprise,Partner,Retail,India,785,1,1,2,2,6,4,26,76.58,74.67,0.7359,0.8233,0.0325,0.0017,-16.0,495.77,4.23,4.0,1.0,4.25,3.0,21.49966300375,0.0,0.0,0.0,26,0,2,0.923,1.54,1.0,0,999.0,0
CUST-98EBD763,2024-02-16,False,Mid-Market,Annual,Pro,Partner,Logistics,UK,319,1,1,1,2,4,5,11,52.73,65.0,0.4205,0.2943,1.6273,-0.0162,-10.0,223.91,2.73,4.0,2.0,3.5,3.0,21.025834173541668,0.75,0.25,0.0,11,2,3,0.455,11.91,0.6364,0,299.0,0
CUST-888CDBA6,2023-10-10,False,Mid-Market,Annual,Pro,Referral,Finance,India,448,1,1,1,3,2,4,15,79.27,72.33,0.7705,0.7507,-0.8357,-0.0033,4.0,493.07,4.47,2.0,1.0,4.0,4.0,21.75005093847222,0.0,0.5,1.0,15,0,1,0.933,0.47,1.0,0,299.0,0
CUST-DA23CF27,2024-04-03,False,SMB,Monthly,Pro,Paid,Healthcare,US,272,0,0,1,1,3,6,9,44.44,26.0,0.4194,0.28,-5.7,-0.0527,-15.0,201.11,2.89,3.0,2.0,3.3333333333333335,2.0,23.3461633662963,0.333,0.333,2.0,9,0,1,0.889,2.44,1.0,0,299.0,0
CUST-92B29804,2023-03-13,False,Mid-Market,Monthly,Pro,Partner,Logistics,Australia,659,1,0,1,2,4,0,22,77.91,71.67,0.748,0.825,-0.4088,0.0066,-6.0,493.14,4.5,7.0,4.0,4.428571428571429,3.0,18.391388021111112,0.0,0.286,3.0,22,0,0,1.0,0.0,1.0,0,299.0,0
CUST-6472DCF1,2022-11-17,False,SMB,Annual,Pro,Partner,Education,US,775,0,1,1,2,1,6,26,77.42,76.67,0.7382,0.7673,-0.1193,0.0029,-9.0,456.08,4.46,7.0,1.0,4.714285714285714,4.0,17.823725911904763,0.143,0.143,2.0,26,2,1,0.885,4.04,0.9231,0,299.0,0
CUST-17F1E5FD,2023-08-06,False,Mid-Market,Annual,Enterprise,Partner,Finance,Germany,513,1,1,2,2,2,3,17,82.06,85.67,0.8116,0.8003,0.2574,0.0024,1.0,499.18,4.24,3.0,1.0,4.0,4.0,24.030918882500004,0.0,0.0,0.0,17,0,2,0.882,1.06,1.0,0,999.0,0
CUST-10E4F6F1,2023-06-14,False,SMB,Monthly,Pro,Partner,Healthcare,Germany,566,0,0,1,2,3,3,19,77.11,79.33,0.7581,0.8083,-0.014,0.0028,-13.0,483.26,4.63,5.0,2.0,4.0,1.0,11.28168433088889,0.0,0.0,3.0,19,0,1,0.947,0.63,1.0,0,299.0,0
CUST-8B75395F,2024-11-21,False,Mid-Market,Multi-Year,Pro,Organic,SaaS,India,40,1,2,1,0,7,4,2,34.0,34.0,0.2225,0.2225,0.0,0.0,-12.0,75.0,3.0,0.0,0.0,0.0,0.0,0.0,0.0,0.0,0.0,2,0,1,0.5,8.0,1.0,0,299.0,0
CUST-17FE6F55,2024-07-24,True,SMB,Monthly,Basic,Partner,Retail,Canada,160,0,0,0,2,6,1,5,46.2,47.67,0.3686,0.3733,-1.4,-0.014,-31.0,246.6,3.0,1.0,1.0,4.0,4.0,19.35859424083333,1.0,0.0,0.0,5,3,1,0.2,24.0,0.4,1,99.0,1
CUST-996F0566,2022-12-16,False,SMB,Annual,Basic,Referral,SaaS,India,746,0,1,0,3,7,4,25,76.6,78.33,0.7482,0.7577,-0.2238,-0.0021,-3.0,466.24,4.24,5.0,1.0,5.0,5.0,16.371128542166666,0.0,0.4,2.0,25,0,0,1.0,0.0,1.0,0,99.0,0
CUST-CC0CC1A3,2022-09-09,False,Enterprise,Monthly,Enterprise,Paid,Finance,US,844,2,0,2,1,2,6,28,80.32,78.0,0.7681,0.8253,0.0862,-0.0002,-9.0,451.18,4.71,6.0,2.0,4.333333333333333,1.0,23.721504189166666,0.167,0.333,3.0,28,0,0,1.0,0.0,1.0,0,999.0,0
CUST-1CB2FE61,2024-01-24,False,SMB,Monthly,Basic,Referral,Logistics,UK,342,0,0,0,3,4,5,12,39.83,41.33,0.3741,0.3467,0.0769,-0.0028,8.0,166.42,2.25,5.0,2.0,2.4,2.0,52.10767069938889,0.2,0.6,1.0,12,1,1,0.833,7.17,0.9167,1,99.0,0
CUST-66B69B94,2023-10-03,True,Enterprise,Annual,Enterprise,Partner,Manufacturing,US,455,2,1,2,2,5,6,8,29.0,30.33,0.428,0.4623,-0.0238,0.0085,-11.0,170.88,2.88,6.0,4.0,1.5,1.0,58.81556753939814,0.0,0.667,2.0,8,1,2,0.625,5.88,0.875,1,999.0,1
CUST-4386134B,2024-02-03,False,SMB,Annual,Pro,Organic,Manufacturing,US,332,0,1,1,0,5,6,11,41.55,27.33,0.3649,0.131,-4.2636,-0.059,-4.0,160.91,2.27,1.0,1.0,3.0,3.0,1.0,1.0,0.0,0.0,11,0,3,0.727,3.91,1.0,0,299.0,0
CUST-DA424E60,2024-03-24,False,SMB,Monthly,Pro,Organic,Retail,US,282,0,0,1,0,6,6,10,33.6,28.0,0.4198,0.4427,-1.5152,0.0116,14.0,222.4,2.3,8.0,4.0,2.375,1.0,62.37263952454861,0.125,0.375,4.0,10,2,0,0.8,8.9,0.8,0,299.0,0
CUST-EDC696DD,2023-12-10,False,SMB,Multi-Year,Pro,Paid,Logistics,France,387,0,2,1,1,4,2,13,34.15,30.67,0.3742,0.3993,-0.1978,0.0075,16.0,221.69,3.15,11.0,2.0,2.090909090909091,1.0,49.09720926128787,0.273,0.182,1.0,13,0,3,0.769,5.15,1.0,0,299.0,0
CUST-2E4306BB,2023-10-20,False,Enterprise,Annual,Enterprise,Partner,Logistics,France,438,2,1,2,2,4,2,15,31.4,22.33,0.2943,0.152,-3.4964,-0.0315,21.0,159.33,2.33,2.0,2.0,3.0,2.0,16.476748224444446,0.0,0.0,0.0,15,0,2,0.867,2.07,1.0,0,999.0,0
CUST-72B18CCD,2024-03-10,False,SMB,Annual,Pro,Partner,Manufacturing,US,296,0,1,1,2,5,6,10,41.3,25.0,0.3657,0.234,-5.5091,-0.0488,17.0,219.3,2.9,2.0,1.0,2.5,2.0,28.911718690555556,0.5,0.0,0.0,10,1,3,0.6,8.3,0.9,0,299.0,0
CUST-C9BD6703,2022-08-03,False,Mid-Market,Annual,Pro,Paid,Retail,France,881,1,1,1,1,6,2,29,78.86,79.0,0.7652,0.8033,0.1552,0.0016,-12.0,497.62,4.66,3.0,1.0,4.333333333333333,3.0,6.488197545833334,0.0,0.0,1.0,29,2,1,0.897,3.0,0.931,0,299.0,0
CUST-C105B034,2024-10-28,True,SMB,Monthly,Pro,Paid,SaaS,Australia,64,0,0,1,1,7,0,3,60.67,60.67,0.519,0.519,1.5,0.0255,-11.0,120.67,3.0,0.0,0.0,0.0,0.0,0.0,0.0,0.0,0.0,3,0,0,1.0,0.0,1.0,0,299.0,1
CUST-83B7B2E7,2022-12-15,False,SMB,Annual,Pro,Partner,Logistics,India,747,0,1,1,2,4,4,25,78.72,76.33,0.7377,0.7273,-0.3323,-0.0009,-21.0,506.04,4.4,8.0,2.0,3.5,2.0,22.31391133642361,0.125,0.125,1.0,25,0,0,1.0,0.0,1.0,0,299.0,0
CUST-47B3B13C,2024-01-07,True,Mid-Market,Annual,Pro,Partner,Retail,Germany,359,1,1,1,2,6,3,7,31.14,26.33,0.4114,0.5083,-1.5714,0.0371,11.0,188.43,2.86,6.0,5.0,2.1666666666666665,1.0,48.933344579629626,0.0,0.667,2.0,7,0,1,0.857,0.71,1.0,0,299.0,1
CUST-3A74893A,2024-11-07,False,SMB,Monthly,Basic,Paid,E-commerce,UK,54,0,0,0,1,0,5,2,32.5,32.5,0.3425,0.3425,0.0,0.0,17.0,160.0,2.0,0.0,0.0,0.0,0.0,0.0,0.0,0.0,0.0,2,0,1,0.5,5.0,1.0,0,99.0,0
CUST-F803FC91,2024-02-27,False,Enterprise,Multi-Year,Enterprise,Partner,Finance,UK,308,2,2,2,2,2,5,11,40.0,24.67,0.4314,0.2327,-3.5727,-0.0607,-14.0,167.0,2.91,1.0,1.0,3.0,3.0,18.12169682277778,0.0,0.0,0.0,11,0,2,0.818,3.0,1.0,0,999.0,0
CUST-2A676CE5,2024-05-03,False,Mid-Market,Annual,Enterprise,Referral,Finance,France,242,1,1,2,3,2,2,8,81.12,87.0,0.7341,0.744,0.6548,-0.0005,15.0,564.62,4.0,1.0,1.0,4.0,4.0,1.0,0.0,0.0,1.0,8,0,0,1.0,0.0,1.0,0,999.0,0
CUST-10F50CBA,2023-06-20,False,SMB,Monthly,Basic,Paid,Manufacturing,US,560,0,0,0,1,5,6,19,81.89,79.33,0.7573,0.7413,-0.2895,0.001,-35.0,462.0,4.32,3.0,2.0,4.333333333333333,4.0,20.32902419,0.0,0.0,0.0,19,0,1,0.947,0.26,1.0,0,99.0,0
CUST-A9E01DE9,2024-03-30,False,SMB,Monthly,Basic,Referral,Logistics,Germany,276,0,0,0,3,4,3,10,45.6,65.33,0.5379,0.5323,3.1879,-0.0021,1.0,192.4,2.3,4.0,2.0,3.75,3.0,16.630004975208333,0.75,0.0,1.0,10,2,3,0.5,13.5,0.8,0,99.0,0
CUST-FF7DB79B,2022-08-18,False,Enterprise,Annual,Enterprise,Partner,E-commerce,France,866,2,1,2,2,0,2,29,78.14,83.67,0.7502,0.8057,0.1133,0.0023,9.0,528.41,4.9,5.0,1.0,4.0,1.0,14.655121176444444,0.2,0.2,0.0,29,0,2,0.931,1.9,1.0,0,999.0,0
CUST-7489B158,2024-04-22,True,SMB,Monthly,Basic,Partner,E-commerce,UK,253,0,0,0,2,0,5,5,49.4,47.67,0.5586,0.5563,-2.5,-0.0259,-6.0,197.4,3.0,0.0,0.0,0.0,0.0,0.0,0.0,0.0,0.0,5,0,0,1.0,0.0,1.0,0,99.0,1
CUST-2AF3DF51,2024-06-25,False,SMB,Monthly,Basic,Partner,Manufacturing,Germany,189,0,0,0,2,5,3,7,58.14,80.33,0.5139,0.647,4.1429,0.0119,-40.0,191.29,2.57,2.0,2.0,2.5,2.0,2.074069186527778,0.5,0.0,0.0,7,0,2,0.714,6.29,1.0,0,99.0,0
CUST-E63B5FEC,2024-04-21,False,Mid-Market,Annual,Enterprise,Referral,Finance,UK,254,1,1,2,3,2,5,9,45.22,25.33,0.4168,0.247,-6.9167,-0.0544,-4.0,156.89,3.11,0.0,0.0,0.0,0.0,0.0,0.0,0.0,0.0,9,0,2,0.778,3.0,1.0,0,999.0,0
CUST-32C9A628,2024-02-17,True,SMB,Monthly,Basic,Referral,Logistics,Australia,318,0,0,0,3,4,0,7,46.0,52.0,0.3927,0.391,1.3214,-0.0101,-58.0,188.14,2.29,2.0,1.0,3.0,2.0,25.968656743055558,1.0,0.0,0.0,7,0,2,0.286,5.29,0.1429,0,99.0,1
CUST-69647423,2023-03-13,False,SMB,Annual,Basic,Paid,Manufacturing,UK,659,0,1,0,1,5,5,22,82.45,80.0,0.748,0.8063,0.76,0.0006,-7.0,464.45,4.5,1.0,1.0,4.0,4.0,31.142265756944443,0.0,1.0,0.0,22,0,0,1.0,0.0,1.0,0,99.0,0
CUST-ECC8528C,2024-04-23,True,Mid-Market,Monthly,Pro,Partner,Manufacturing,Canada,252,1,0,1,2,5,1,6,48.5,39.33,0.4785,0.382,-5.9143,-0.0526,-14.0,216.83,3.0,1.0,1.0,2.0,2.0,14.801737221111111,0.0,0.0,0.0,6,0,0,1.0,0.0,1.0,0,299.0,1
CUST-4948ABA6,2023-02-08,False,Mid-Market,Multi-Year,Pro,Organic,Logistics,Germany,692,1,2,1,0,4,3,23,77.3,78.33,0.7411,0.8143,-0.1057,0.005,10.0,480.83,5.04,3.0,1.0,5.0,5.0,25.380786748518517,0.333,0.0,1.0,23,0,1,0.957,1.17,1.0,0,299.0,0
CUST-42B5F21C,2024-04-18,False,Mid-Market,Annual,Pro,Referral,SaaS,UK,257,1,1,1,3,7,5,9,58.56,45.33,0.4837,0.4507,-0.4667,0.0189,4.0,185.89,3.0,4.0,2.0,3.25,1.0,24.843583241875002,0.75,0.0,0.0,9,1,4,0.444,10.78,0.8889,0,299.0,0
CUST-D3DAA4C2,2024-02-13,False,SMB,Monthly,Basic,Partner,Healthcare,Canada,322,0,0,0,2,3,1,11,58.73,43.67,0.4469,0.442,-0.5545,-0.023,22.0,161.0,2.55,6.0,3.0,3.3333333333333335,1.0,21.881652891898145,0.667,0.0,0.0,11,5,3,0.273,18.82,0.5455,2,99.0,0
CUST-94F99C34,2024-06-17,True,SMB,Monthly,Pro,Referral,Healthcare,France,197,0,0,1,3,3,2,4,53.5,58.0,0.5388,0.4883,3.4,-0.0395,-35.0,80.0,3.5,1.0,1.0,4.0,4.0,13.104293529722222,1.0,0.0,0.0,4,0,1,0.5,4.75,0.5,0,299.0,1
CUST-24B0CE80,2024-04-05,True,SMB,Monthly,Basic,Organic,Education,US,270,0,0,0,0,1,6,8,40.0,30.0,0.4901,0.4007,-4.381,-0.0531,-11.0,149.38,2.88,1.0,1.0,1.0,1.0,3.5350179647222224,1.0,0.0,0.0,8,0,0,1.0,0.0,1.0,0,99.0,1
CUST-BEE5C3EC,2024-05-25,True,SMB,Monthly,Pro,Organic,Logistics,India,220,0,0,1,0,4,4,8,42.75,29.67,0.4962,0.3723,-1.8095,-0.0465,-27.0,255.38,2.38,3.0,3.0,4.0,3.0,16.70086202601852,1.0,0.0,1.0,8,1,3,0.5,10.62,0.875,1,299.0,1
CUST-21CF67B4,2024-01-30,False,Enterprise,Annual,Enterprise,Organic,Logistics,India,336,2,1,2,0,4,4,12,80.08,89.33,0.7513,0.8517,1.8497,0.0102,-7.0,489.75,3.92,1.0,1.0,5.0,5.0,26.364841379722222,0.0,1.0,1.0,12,0,0,1.0,0.0,1.0,0,999.0,0
CUST-8C908578,2023-03-19,False,Mid-Market,Annual,Pro,Organic,Education,US,653,1,1,1,0,1,6,22,80.32,80.67,0.7449,0.7143,-0.2648,-0.0009,-7.0,488.86,5.32,0.0,0.0,0.0,0.0,0.0,0.0,0.0,0.0,22,0,0,1.0,0.0,1.0,0,299.0,0
CUST-07381881,2023-03-26,False,SMB,Annual,Pro,Referral,Logistics,UK,646,0,1,1,3,4,5,22,79.27,81.33,0.7647,0.7233,-0.0,0.0013,-22.0,498.14,4.41,4.0,2.0,4.5,4.0,22.217184037986115,0.0,0.25,2.0,22,0,1,0.955,0.73,1.0,0,299.0,0
CUST-0B1D9108,2024-03-06,True,SMB,Monthly,Basic,Organic,Healthcare,Australia,300,0,0,0,0,3,0,9,47.0,30.33,0.4133,0.2157,-5.0667,-0.0561,12.0,145.89,3.22,2.0,1.0,3.5,3.0,24.227252804166664,0.0,0.0,2.0,9,0,0,1.0,0.0,1.0,0,99.0,1
CUST-0D526302,2023-06-23,False,SMB,Annual,Basic,Referral,SaaS,France,557,0,1,0,3,7,2,19,81.63,79.67,0.7573,0.8457,0.3649,0.0028,-10.0,500.0,4.95,1.0,1.0,5.0,5.0,24.635978685555557,0.0,0.0,1.0,19,0,0,1.0,0.0,1.0,0,99.0,0
CUST-29533597,2024-06-13,False,Mid-Market,Annual,Enterprise,Referral,Logistics,Germany,201,1,1,2,3,4,3,7,33.71,34.33,0.3936,0.414,0.5,0.0065,0.0,205.14,4.57,4.0,2.0,1.75,1.0,42.93997152576389,0.0,0.25,1.0,7,0,0,1.0,0.0,1.0,0,999.0,0
CUST-850BE4ED,2024-04-13,False,SMB,Annual,Pro,Partner,Finance,India,262,0,1,1,2,2,4,9,44.89,26.0,0.4058,0.163,-6.0,-0.0725,-2.0,197.78,2.44,1.0,1.0,3.0,3.0,9.331154151111111,0.0,0.0,0.0,9,2,0,0.778,9.78,0.7778,0,299.0,0
CUST-C0AAD1A0,2023-07-12,False,SMB,Annual,Pro,Partner,Education,France,538,0,1,1,2,1,2,18,78.22,83.33,0.7434,0.687,0.3839,-0.0062,5.0,502.67,4.17,3.0,2.0,4.333333333333333,3.0,23.629417811944446,0.0,1.0,2.0,18,0,1,0.944,1.56,1.0,0,299.0,0
CUST-0FCD94B1,2024-11-16,False,Mid-Market,Monthly,Enterprise,Organic,Retail,UK,45,1,0,2,0,6,5,2,7.5,7.5,0.3735,0.3735,0.0,0.0,7.0,199.5,3.0,1.0,1.0,5.0,5.0,14.336583228611111,0.0,1.0,1.0,2,0,1,0.5,3.0,1.0,0,999.0,0
CUST-38308BE3,2024-02-02,True,SMB,Monthly,Pro,Partner,E-commerce,UK,333,0,0,1,2,0,5,9,39.44,38.33,0.399,0.4277,-0.65,0.0036,-12.0,185.78,2.33,7.0,6.0,2.0,1.0,61.53144265583334,0.143,0.286,3.0,9,1,0,0.889,3.56,0.8889,1,299.0,1
CUST-D4A607E4,2023-12-05,True,SMB,Monthly,Basic,Referral,Education,India,392,0,0,0,3,1,4,11,33.18,38.33,0.3731,0.3973,0.8,0.0085,-11.0,186.64,2.27,9.0,3.0,1.8888888888888888,1.0,43.76038759478396,0.0,0.444,2.0,11,1,2,0.727,5.82,0.9091,0,99.0,1
CUST-9FAB978D,2023-12-06,False,SMB,Monthly,Pro,Paid,Manufacturing,UK,391,0,0,1,1,5,5,13,49.31,51.33,0.6005,0.4363,-0.0495,-0.0226,13.0,185.77,3.46,7.0,3.0,3.2857142857142856,1.0,15.662565967380953,0.714,0.143,3.0,13,3,2,0.615,9.38,0.7692,1,299.0,0
CUST-FBD01A6D,2023-12-29,True,Mid-Market,Monthly,Pro,Organic,SaaS,Canada,368,1,0,1,0,7,1,7,38.29,37.33,0.4361,0.4377,-1.6786,0.0027,1.0,227.57,1.71,4.0,4.0,1.5,1.0,50.47995087451389,0.0,0.5,1.0,7,0,4,0.429,8.29,1.0,0,299.0,1
CUST-85521411,2024-02-12,True,SMB,Monthly,Basic,Paid,Healthcare,India,323,0,0,0,1,3,4,8,43.88,35.67,0.374,0.286,-0.9643,-0.0388,-9.0,185.5,2.75,0.0,0.0,0.0,0.0,0.0,0.0,0.0,0.0,8,1,2,0.625,9.5,0.875,0,99.0,1
CUST-CC27FC62,2023-05-25,False,SMB,Annual,Basic,Paid,Healthcare,Australia,586,0,1,0,1,3,0,20,83.7,79.33,0.7591,0.7917,-0.0195,0.0024,36.0,474.15,4.2,1.0,1.0,5.0,5.0,14.769242573333335,0.0,0.0,0.0,20,0,1,0.95,0.6,1.0,0,99.0,0
CUST-F6F05CD5,2024-08-26,True,SMB,Annual,Pro,Organic,Healthcare,India,127,0,1,1,0,3,4,4,62.75,57.67,0.5202,0.4597,-7.9,-0.0907,-2.0,154.0,2.5,0.0,0.0,0.0,0.0,0.0,0.0,0.0,0.0,4,0,2,0.5,9.0,1.0,0,299.0,1
CUST-3A2ABFFA,2024-03-09,True,Mid-Market,Annual,Pro,Paid,Manufacturing,France,297,1,1,1,1,5,2,10,41.0,17.0,0.3886,0.2067,-6.9697,-0.0555,-21.0,185.1,2.8,1.0,1.0,1.0,1.0,22.158027257222223,0.0,0.0,1.0,10,1,1,0.8,5.6,0.9,0,299.0,1
CUST-5F4E31EA,2024-10-31,False,SMB,Monthly,Basic,Organic,Manufacturing,Canada,61,0,0,0,0,5,1,3,28.33,28.33,0.2593,0.2593,7.0,-0.074,-6.0,206.67,4.0,1.0,1.0,2.0,2.0,22.123559690833332,0.0,0.0,0.0,3,0,1,0.667,4.0,1.0,0,99.0,0
CUST-14905BAD,2024-09-18,False,SMB,Monthly,Pro,Partner,SaaS,India,104,0,0,1,2,7,4,4,35.75,33.33,0.2245,0.2613,-6.1,0.046,0.0,136.0,3.0,2.0,2.0,3.0,2.0,18.166957821805557,0.0,0.0,0.0,4,0,0,1.0,0.0,1.0,0,299.0,0
CUST-DFF2B24C,2024-02-06,False,Mid-Market,Monthly,Enterprise,Referral,Finance,UK,329,1,0,2,3,2,5,11,35.36,36.0,0.4313,0.4173,0.0727,-0.0017,5.0,180.18,3.09,6.0,2.0,1.8333333333333333,1.0,62.603094607453706,0.0,0.667,1.0,11,1,1,0.818,2.55,0.9091,0,999.0,0
CUST-9F6FCDF8,2024-04-03,False,Mid-Market,Annual,Pro,Referral,SaaS,India,272,1,1,1,3,7,4,9,48.67,57.67,0.3024,0.4017,2.6,0.0267,-45.0,269.22,2.78,1.0,1.0,5.0,5.0,26.918776345833333,1.0,0.0,0.0,9,2,1,0.556,8.56,0.5556,0,299.0,0
CUST-D62EF187,2024-01-20,True,SMB,Annual,Basic,Paid,Healthcare,Germany,346,0,1,0,1,3,3,9,35.11,31.33,0.4053,0.3547,-0.7667,-0.0077,-8.0,264.89,2.44,4.0,3.0,2.25,2.0,38.96868862930556,0.0,0.5,2.0,9,1,2,0.667,6.0,0.8889,0,99.0,1
CUST-2E11C908,2023-12-08,False,Enterprise,Multi-Year,Enterprise,Referral,Healthcare,Canada,389,2,2,2,3,3,1,13,77.31,71.0,0.7621,0.8137,-1.0549,0.0074,2.0,447.92,4.69,1.0,1.0,4.0,4.0,3.8056680344444445,0.0,0.0,1.0,13,0,1,0.923,1.85,1.0,0,999.0,0
CUST-C5C4FCF2,2024-10-12,False,Enterprise,Annual,Enterprise,Organic,Retail,France,80,2,1,2,0,6,2,3,20.33,20.33,0.32,0.32,4.0,-0.025,-3.0,211.0,3.0,1.0,1.0,4.0,4.0,21.684975868333332,0.0,0.0,0.0,3,0,0,1.0,0.0,1.0,0,999.0,0
CUST-B025F05D,2023-12-30,True,Enterprise,Multi-Year,Enterprise,Organic,Retail,Germany,367,2,2,2,0,6,3,13,37.46,13.67,0.3351,0.168,-4.1484,-0.0424,4.0,179.0,2.08,1.0,1.0,1.0,1.0,23.557421780555558,0.0,0.0,0.0,13,1,1,0.846,1.85,0.9231,1,999.0,1
CUST-8D32B439,2023-10-25,True,SMB,Annual,Basic,Organic,Retail,Germany,433,0,1,0,0,6,3,9,35.11,39.33,0.4071,0.387,0.4167,-0.0004,16.0,220.0,3.33,6.0,6.0,3.1666666666666665,1.0,57.32131274337963,0.167,0.333,0.0,9,0,3,0.667,8.22,1.0,0,99.0,1
CUST-C5038577,2024-07-03,True,SMB,Annual,Pro,Referral,Logistics,India,181,0,1,1,3,4,4,6,60.67,82.67,0.44,0.4607,10.5714,0.0543,-13.0,228.5,1.83,4.0,4.0,4.25,2.0,19.762504775694445,0.25,0.0,0.0,6,3,3,0.0,26.33,0.5,1,299.0,1
CUST-B122BEB5,2024-01-11,True,SMB,Monthly,Basic,Partner,Healthcare,Australia,355,0,0,0,2,3,0,6,50.33,37.67,0.4505,0.4483,-5.9429,0.0488,-26.0,250.83,2.0,2.0,2.0,1.5,1.0,16.00551031513889,1.0,0.0,0.0,6,3,1,0.333,22.17,0.5,2,99.0,1
CUST-7FCBEA9C,2024-07-11,False,Mid-Market,Multi-Year,Pro,Partner,Healthcare,India,173,1,2,1,2,3,4,6,53.5,46.33,0.511,0.3757,-4.0857,-0.0811,-13.0,227.5,2.67,0.0,0.0,0.0,0.0,0.0,0.0,0.0,0.0,6,0,0,1.0,0.0,1.0,0,299.0,0
CUST-B3658501,2024-03-12,False,Mid-Market,Multi-Year,Pro,Paid,Retail,India,294,1,2,1,1,6,4,10,46.9,24.67,0.4399,0.526,-4.8667,0.0231,-2.0,186.4,2.3,6.0,3.0,3.8333333333333335,2.0,19.80466831712963,0.667,0.167,3.0,10,2,3,0.5,16.9,0.8,1,299.0,0
CUST-DE9E66B4,2023-08-22,False,Enterprise,Monthly,Enterprise,Referral,Retail,India,497,2,0,2,3,6,4,17,32.88,24.67,0.2818,0.0913,-2.5392,-0.0319,-16.0,187.94,2.65,2.0,2.0,3.5,3.0,21.516207694583336,0.5,0.5,1.0,17,2,3,0.706,7.65,0.8824,0,999.0,0
CUST-F9BAC551,2023-11-06,False,Enterprise,Multi-Year,Enterprise,Organic,Logistics,France,421,2,2,2,0,4,2,14,78.86,83.0,0.7414,0.771,0.633,0.0053,-6.0,485.5,4.29,2.0,2.0,5.0,5.0,15.11266202125,0.0,0.5,0.0,14,0,1,0.929,0.43,1.0,0,999.0,0
CUST-29D82FFB,2024-06-07,False,Mid-Market,Monthly,Enterprise,Paid,Healthcare,UK,207,1,0,2,1,3,5,7,49.43,62.67,0.4563,0.4823,4.25,0.0384,-84.0,228.14,3.0,4.0,2.0,3.5,1.0,21.53151500722222,1.0,0.0,0.0,7,1,3,0.429,12.86,0.8571,1,999.0,0
CUST-A95176BB,2023-04-24,False,SMB,Monthly,Pro,Organic,Healthcare,Canada,617,0,0,1,0,3,1,21,78.62,75.33,0.7562,0.7607,0.0065,0.0035,-2.0,475.9,4.86,1.0,1.0,5.0,5.0,8.103490338333334,0.0,0.0,0.0,21,0,0,1.0,0.0,1.0,0,299.0,0
CUST-B0ED6B01,2023-08-10,False,Enterprise,Multi-Year,Enterprise,Organic,Healthcare,France,509,2,2,2,0,3,2,17,76.71,76.0,0.7541,0.7713,-0.7941,0.0018,11.0,506.76,4.35,2.0,2.0,4.5,4.0,22.293136893333333,0.0,0.0,1.0,17,0,0,1.0,0.0,1.0,0,999.0,0
CUST-98C2C4E2,2024-08-20,True,Mid-Market,Monthly,Pro,Organic,Manufacturing,UK,133,1,0,1,0,5,5,3,53.33,53.33,0.553,0.553,-11.5,-0.0925,40.0,99.67,1.33,1.0,1.0,3.0,3.0,9.579013102777777,0.0,1.0,1.0,3,0,1,0.667,3.67,1.0,0,299.0,1
CUST-9C39130D,2023-04-29,False,SMB,Monthly,Basic,Partner,E-commerce,Canada,612,0,0,0,2,0,1,21,74.48,70.0,0.7857,0.7543,-0.2169,0.0003,13.0,507.14,4.43,4.0,1.0,3.25,2.0,14.849128254375,0.0,0.25,1.0,21,0,3,0.857,2.19,1.0,0,99.0,0
CUST-6688F4EA,2024-06-10,False,SMB,Annual,Pro,Partner,Manufacturing,Australia,204,0,1,1,2,5,0,7,41.29,38.33,0.4016,0.3287,-0.75,-0.0599,7.0,203.71,2.0,0.0,0.0,0.0,0.0,0.0,0.0,0.0,0.0,7,0,1,0.857,2.86,1.0,0,299.0,0
CUST-F36A4156,2024-03-21,True,SMB,Monthly,Pro,Organic,E-commerce,Germany,285,0,0,1,0,0,3,9,57.89,58.0,0.4747,0.4807,-2.8,-0.0375,-47.0,228.44,2.78,6.0,5.0,3.1666666666666665,1.0,17.397061636944446,0.833,0.0,2.0,9,3,1,0.556,13.78,0.6667,1,299.0,1
CUST-F5FA097E,2024-05-28,True,Mid-Market,Annual,Enterprise,Partner,Manufacturing,Germany,217,1,1,2,2,5,3,5,52.2,43.67,0.4894,0.4653,-8.1,-0.0576,-14.0,189.8,2.8,0.0,0.0,0.0,0.0,0.0,0.0,0.0,0.0,5,0,1,0.8,1.0,1.0,0,999.0,1
CUST-9D013D3D,2023-10-19,True,Mid-Market,Annual,Enterprise,Partner,Education,UK,439,1,1,2,2,1,5,9,49.89,34.33,0.3971,0.267,-4.9,-0.0484,-9.0,224.67,1.89,2.0,1.0,2.5,1.0,7.760211558888889,0.0,0.5,1.0,9,0,0,1.0,0.0,1.0,0,999.0,1
CUST-7396FE25,2024-04-08,True,SMB,Monthly,Basic,Referral,Manufacturing,India,267,0,0,0,3,5,4,8,34.38,39.67,0.3892,0.3597,1.1786,-0.0105,4.0,156.5,2.0,6.0,2.0,2.5,1.0,45.62276520902778,0.167,0.5,0.0,8,0,1,0.875,3.25,1.0,0,99.0,1
CUST-7D79D09D,2024-11-07,False,SMB,Monthly,Basic,Referral,E-commerce,Germany,54,0,0,0,3,0,3,2,27.5,27.5,0.332,0.332,0.0,0.0,1.0,193.0,2.5,1.0,1.0,1.0,1.0,22.747421048333333,0.0,0.0,0.0,2,0,1,0.5,9.5,1.0,0,99.0,0
CUST-9304AA6F,2023-10-23,False,Mid-Market,Annual,Pro,Referral,Education,US,435,1,1,1,3,1,6,15,32.8,35.67,0.4328,0.4667,-0.0214,0.0055,8.0,185.2,3.07,11.0,4.0,3.0,1.0,47.3434262799495,0.0,0.455,3.0,15,2,2,0.733,8.53,0.8667,0,299.0,0
CUST-A4486E01,2024-05-25,False,SMB,Annual,Basic,Referral,Manufacturing,Canada,220,0,1,0,3,5,1,8,31.62,29.33,0.3695,0.3663,0.75,0.0031,1.0,192.25,2.88,6.0,2.0,2.6666666666666665,1.0,61.88334015069444,0.167,0.5,0.0,8,1,1,0.75,5.12,0.875,0,99.0,0
CUST-16E9A07B,2023-04-01,False,SMB,Monthly,Pro,Organic,Retail,Canada,640,0,0,1,0,6,1,21,83.14,79.33,0.7471,0.7473,0.0299,0.0028,-2.0,474.95,4.52,3.0,1.0,4.666666666666667,4.0,17.05441850833333,0.333,0.0,0.0,21,1,0,0.952,2.05,0.9524,1,299.0,0
CUST-7765E2F6,2023-09-01,False,Mid-Market,Annual,Enterprise,Referral,SaaS,France,487,1,1,2,3,7,2,16,35.38,45.33,0.3938,0.4307,0.7941,0.0004,-27.0,185.94,2.56,14.0,4.0,2.2142857142857144,1.0,55.79535300906746,0.143,0.5,4.0,16,0,0,1.0,0.0,1.0,0,999.0,0
CUST-AEBE3F19,2024-02-25,False,Mid-Market,Multi-Year,Pro,Partner,Healthcare,UK,310,1,2,1,2,3,5,11,75.27,76.0,0.7425,0.769,-0.0727,0.0063,-8.0,462.73,4.0,2.0,2.0,4.5,4.0,18.39497832361111,0.0,0.0,0.0,11,0,1,0.909,2.36,1.0,0,299.0,0
CUST-1E65AFCD,2023-04-08,False,Enterprise,Monthly,Enterprise,Partner,Finance,Australia,633,2,0,2,2,2,0,21,78.67,82.0,0.7575,0.7703,0.5987,0.001,9.0,497.62,4.76,1.0,1.0,5.0,5.0,19.183302188888888,0.0,0.0,0.0,21,0,1,0.952,0.38,1.0,0,999.0,0
CUST-B9E9805A,2024-02-12,True,Mid-Market,Annual,Pro,Paid,SaaS,US,323,1,1,1,1,7,6,8,47.38,36.33,0.4394,0.2587,-3.2976,-0.0643,-9.0,176.25,2.62,2.0,2.0,2.5,1.0,12.721485306111113,0.0,0.5,0.0,8,0,2,0.75,5.88,1.0,0,299.0,1
CUST-9F22ED60,2022-12-22,False,Mid-Market,Monthly,Pro,Partner,Logistics,Germany,740,1,0,1,2,4,3,25,75.52,68.0,0.7672,0.739,-0.47,-0.0031,28.0,526.84,5.04,4.0,1.0,4.0,2.0,16.57162265625,0.0,0.25,3.0,25,0,1,0.96,1.16,1.0,0,299.0,0
CUST-F75C8866,2023-12-20,False,SMB,Monthly,Basic,Referral,Logistics,India,377,0,0,0,3,4,4,13,77.62,84.33,0.7155,0.705,0.6319,0.0034,-1.0,523.31,5.15,1.0,1.0,5.0,5.0,8.24467064388889,0.0,0.0,0.0,13,1,0,0.923,3.77,0.9231,0,99.0,0
CUST-25D76344,2024-01-04,False,Mid-Market,Monthly,Pro,Referral,Healthcare,UK,362,1,0,1,3,3,5,12,75.75,68.67,0.7117,0.73,-0.6259,0.0115,16.0,440.25,4.25,0.0,0.0,0.0,0.0,0.0,0.0,0.0,0.0,12,0,2,0.833,3.5,1.0,0,299.0,0
CUST-D06661A0,2023-02-07,False,SMB,Monthly,Basic,Referral,Finance,Australia,693,0,0,0,3,2,0,23,81.13,87.33,0.739,0.737,-0.1502,0.0001,3.0,522.35,4.74,4.0,1.0,4.0,3.0,19.233796239722224,0.0,0.5,2.0,23,0,2,0.913,1.52,1.0,0,99.0,0
CUST-930853A9,2023-03-19,False,SMB,Monthly,Pro,Partner,Retail,France,653,0,0,1,2,6,2,22,81.59,81.0,0.7552,0.6993,0.2806,-0.0051,18.0,506.82,4.27,6.0,2.0,3.8333333333333335,3.0,18.417961668240743,0.0,0.333,0.0,22,1,0,0.955,1.73,0.9545,1,299.0,0
CUST-4112091C,2024-04-07,False,SMB,Monthly,Basic,Partner,Healthcare,Canada,268,0,0,0,2,3,1,9,57.11,76.67,0.637,0.5467,2.45,-0.0189,-41.0,191.67,2.78,3.0,3.0,2.6666666666666665,2.0,21.708758354166665,0.333,0.333,0.0,9,1,2,0.667,6.78,0.8889,1,99.0,0
CUST-8331BD38,2023-12-11,False,SMB,Annual,Basic,Organic,Education,Australia,386,0,1,0,0,1,0,13,34.31,35.67,0.405,0.434,0.3132,0.0069,-7.0,231.62,3.0,10.0,4.0,2.7,1.0,42.83715906566667,0.2,0.6,6.0,13,1,3,0.692,9.0,0.9231,1,99.0,0
CUST-6441D561,2024-05-07,True,SMB,Monthly,Basic,Referral,Finance,US,238,0,0,0,3,2,6,7,51.57,41.0,0.441,0.4173,-5.4286,-0.0278,-11.0,175.0,1.86,0.0,0.0,0.0,0.0,0.0,0.0,0.0,0.0,7,0,2,0.714,4.71,1.0,0,99.0,1
CUST-850BF8D3,2024-02-15,False,Mid-Market,Monthly,Pro,Paid,Finance,Canada,320,1,0,1,1,2,1,11,39.18,16.67,0.3945,0.2293,-5.4545,-0.0381,-9.0,163.18,2.36,0.0,0.0,0.0,0.0,0.0,0.0,0.0,0.0,11,0,0,1.0,0.0,1.0,0,299.0,0
CUST-CA0BF0B1,2024-04-04,False,Mid-Market,Monthly,Enterprise,Partner,Logistics,Germany,271,1,0,2,2,4,3,9,43.67,61.67,0.4884,0.5373,3.8,0.0252,-37.0,198.78,2.89,3.0,1.0,4.0,3.0,8.81390297564815,1.0,0.0,1.0,9,0,3,0.556,5.67,0.7778,0,999.0,0
CUST-02805E1A,2024-06-18,False,Mid-Market,Multi-Year,Pro,Paid,Retail,India,196,1,2,1,1,6,4,7,41.71,42.67,0.5141,0.3507,-1.5714,-0.0784,-4.0,212.43,2.57,3.0,2.0,3.0,3.0,16.742035515277777,0.333,0.333,0.0,7,0,3,0.571,7.71,1.0,0,299.0,0
CUST-651EA4F1,2023-09-21,True,Mid-Market,Annual,Pro,Organic,Logistics,Germany,467,1,1,1,0,4,3,12,36.92,18.0,0.387,0.25,-3.9406,-0.0332,-1.0,153.5,2.83,2.0,1.0,3.5,2.0,14.279990546944443,0.5,0.0,0.0,12,0,0,1.0,0.0,1.0,0,299.0,1
CUST-166B4AA5,2023-02-15,False,SMB,Annual,Pro,Partner,Education,Australia,685,0,1,1,2,1,0,23,78.87,76.0,0.7541,0.7313,-0.0385,0.0016,1.0,513.52,5.17,0.0,0.0,0.0,0.0,0.0,0.0,0.0,0.0,23,0,0,1.0,0.0,1.0,0,299.0,0
CUST-A5873504,2024-07-24,False,Mid-Market,Monthly,Enterprise,Referral,Finance,Australia,160,1,0,2,3,2,0,6,69.83,71.0,0.568,0.7017,2.3143,0.0799,20.0,163.5,2.17,1.0,1.0,3.0,3.0,11.663601340833335,1.0,0.0,1.0,6,1,2,0.333,6.0,0.5,0,999.0,0
CUST-E7191DEA,2024-03-07,True,SMB,Annual,Basic,Paid,E-commerce,India,299,0,1,0,1,0,4,5,44.4,63.67,0.5294,0.559,12.3,0.0075,2.0,149.8,2.6,3.0,2.0,3.6666666666666665,2.0,18.994072504537037,1.0,0.0,1.0,5,1,0,0.8,5.2,0.8,0,99.0,1
CUST-13FB1E0F,2023-11-03,False,Enterprise,Multi-Year,Enterprise,Referral,Healthcare,Australia,424,2,2,2,3,3,0,14,76.57,81.0,0.7541,0.6777,0.8396,-0.0124,-5.0,517.21,4.07,1.0,1.0,5.0,5.0,21.53039248416667,0.0,1.0,1.0,14,0,0,1.0,0.0,1.0,0,999.0,0
CUST-7C7F0A35,2023-12-27,True,Mid-Market,Monthly,Pro,Referral,E-commerce,Canada,370,1,0,1,3,0,1,10,44.3,23.67,0.3073,0.205,-4.4788,-0.029,8.0,247.8,2.8,1.0,1.0,3.0,3.0,25.860172908055553,0.0,1.0,0.0,10,1,0,0.9,4.8,0.9,0,299.0,1
CUST-E18CC061,2022-10-15,False,SMB,Annual,Pro,Referral,Healthcare,Australia,808,0,1,1,3,3,0,27,78.74,74.33,0.7581,0.6857,-0.3046,0.0006,4.0,540.37,4.37,4.0,2.0,3.75,2.0,20.161457587638886,0.0,0.5,1.0,27,1,0,0.963,0.89,0.963,0,299.0,0
CUST-8A76A714,2023-10-06,False,Enterprise,Annual,Enterprise,Paid,Education,India,452,2,1,2,1,1,4,15,81.8,81.67,0.7569,0.7703,0.425,0.0045,-28.0,484.13,5.07,0.0,0.0,0.0,0.0,0.0,0.0,0.0,0.0,15,0,0,1.0,0.0,1.0,0,999.0,0
CUST-0D3099F9,2024-02-13,False,SMB,Monthly,Pro,Organic,Healthcare,France,322,0,0,1,0,3,2,11,52.45,58.33,0.544,0.56,-1.1273,-0.0008,12.0,216.36,2.55,2.0,2.0,3.5,2.0,11.274166991527776,0.5,0.5,0.0,11,0,5,0.545,10.36,1.0,0,299.0,0
CUST-05E62B39,2024-03-26,True,SMB,Monthly,Basic,Paid,Logistics,France,280,0,0,0,1,4,2,8,38.38,36.67,0.4681,0.4893,2.0119,-0.0202,11.0,162.38,3.0,4.0,2.0,3.75,3.0,17.56898724722222,0.5,0.0,2.0,8,2,1,0.625,6.38,0.75,2,99.0,1
CUST-5D22A107,2022-12-15,False,SMB,Annual,Basic,Referral,SaaS,France,747,0,1,0,3,7,2,25,82.72,88.67,0.7745,0.7623,0.19,0.001,5.0,465.92,4.36,3.0,1.0,2.6666666666666665,2.0,26.689412689537036,0.333,0.333,2.0,25,0,1,0.96,0.96,1.0,0,99.0,0
CUST-60EC3E37,2023-07-01,False,Mid-Market,Monthly,Pro,Partner,Healthcare,India,549,1,0,1,2,3,4,18,34.94,38.67,0.4147,0.4197,-0.0939,-0.0009,-18.0,216.94,2.5,14.0,6.0,2.357142857142857,1.0,54.47631622662698,0.0,0.286,4.0,18,1,0,0.944,1.5,0.9444,0,299.0,0
CUST-6A89B8A6,2023-06-25,False,Mid-Market,Multi-Year,Pro,Paid,Logistics,France,555,1,2,1,1,4,2,19,78.47,80.0,0.7343,0.798,0.0018,0.0043,4.0,539.0,5.11,2.0,2.0,3.0,1.0,8.128605581527777,0.0,0.0,1.0,19,0,1,0.947,1.0,1.0,0,299.0,0
CUST-2F778103,2024-05-13,True,SMB,Annual,Pro,Partner,Manufacturing,Germany,232,0,1,1,2,5,3,8,46.88,34.33,0.3929,0.268,-5.75,-0.0456,-51.0,207.0,2.62,3.0,2.0,3.6666666666666665,2.0,19.05252773601852,0.333,0.0,0.0,8,0,1,0.875,3.5,1.0,0,299.0,1
CUST-71E9CF7C,2024-05-26,True,Mid-Market,Monthly,Pro,Referral,Logistics,India,219,1,0,1,3,4,4,6,50.67,49.0,0.5702,0.4607,-1.8286,-0.0471,6.0,242.67,3.0,0.0,0.0,0.0,0.0,0.0,0.0,0.0,0.0,6,1,1,0.667,11.67,0.8333,1,299.0,1
CUST-011DB65E,2024-06-26,True,Enterprise,Annual,Enterprise,Referral,Healthcare,France,188,2,1,2,3,3,2,7,61.86,67.0,0.4876,0.4213,3.1786,-0.0161,-31.0,263.71,2.86,4.0,2.0,4.0,3.0,12.948933560833334,0.5,0.25,0.0,7,1,3,0.286,12.0,0.5714,0,999.0,1
CUST-D42248A6,2024-03-13,True,Enterprise,Annual,Enterprise,Organic,Retail,Germany,293,2,1,2,0,6,3,8,49.38,34.0,0.4932,0.342,-5.6548,-0.0546,34.0,262.0,2.25,1.0,1.0,3.0,3.0,12.131573204722223,0.0,0.0,0.0,8,1,1,0.75,7.25,0.875,1,999.0,1
CUST-575740D4,2024-02-05,True,SMB,Monthly,Basic,Referral,E-commerce,Canada,330,0,0,0,3,0,1,8,41.12,28.33,0.4258,0.328,-4.3452,-0.0321,-19.0,176.62,4.0,1.0,1.0,2.0,2.0,20.61518596722222,0.0,0.0,0.0,8,0,0,1.0,0.0,1.0,0,99.0,1
CUST-DD91B175,2023-12-18,True,Mid-Market,Monthly,Enterprise,Organic,SaaS,Germany,379,1,0,2,0,7,3,8,35.25,39.67,0.3808,0.3537,1.4048,-0.0139,-12.0,252.25,1.88,4.0,1.0,1.75,1.0,50.84450061208334,0.0,0.25,1.0,8,1,0,0.875,4.0,0.875,0,999.0,1
CUST-36B10919,2022-12-14,False,SMB,Annual,Pro,Referral,E-commerce,Germany,748,0,1,1,3,0,3,25,78.64,83.33,0.7693,0.8223,0.5623,0.0039,12.0,515.52,4.32,5.0,1.0,4.0,2.0,13.978904348999999,0.0,0.0,1.0,25,0,2,0.92,1.24,1.0,0,299.0,0
CUST-00421357,2023-05-09,False,SMB,Annual,Pro,Partner,E-commerce,US,602,0,1,1,2,0,6,20,76.35,72.67,0.7363,0.657,0.3075,-0.0033,10.0,520.9,5.25,4.0,2.0,4.75,4.0,15.49451662173611,0.25,0.25,0.0,20,0,0,1.0,0.0,1.0,0,299.0,0
CUST-387ABCD4,2024-01-07,True,SMB,Monthly,Basic,Paid,Retail,Australia,359,0,0,0,1,6,0,10,48.2,57.0,0.5321,0.5923,2.9818,0.012,27.0,202.6,2.0,3.0,3.0,2.6666666666666665,2.0,19.660592994814817,0.667,0.333,1.0,10,1,1,0.7,6.8,0.7,0,99.0,1
CUST-AA93AB27,2024-05-15,True,Enterprise,Monthly,Enterprise,Partner,SaaS,Australia,230,2,0,2,2,7,0,5,44.2,43.67,0.5304,0.6377,3.0,0.0545,18.0,190.0,2.6,1.0,1.0,2.0,2.0,20.461177063888886,1.0,0.0,0.0,5,1,0,0.8,4.4,0.8,0,999.0,1
CUST-B89ED43D,2023-04-06,True,SMB,Monthly,Pro,Organic,Finance,Canada,635,0,0,1,0,2,1,16,33.62,34.67,0.3833,0.399,0.0265,0.0044,1.0,187.12,2.25,9.0,2.0,2.4444444444444446,1.0,64.44847381459877,0.0,0.444,2.0,16,1,0,0.938,3.12,0.9375,0,299.0,1
CUST-D99800EA,2023-11-12,False,SMB,Monthly,Basic,Partner,Healthcare,France,415,0,0,0,2,3,2,14,33.5,31.0,0.4132,0.397,-0.0637,-0.0026,-5.0,205.43,2.29,9.0,3.0,2.7777777777777777,1.0,39.47103006419753,0.0,0.333,0.0,14,0,3,0.786,3.5,1.0,0,99.0,0
CUST-22D89294,2024-11-17,False,SMB,Monthly,Pro,Referral,SaaS,Germany,44,0,0,1,3,7,3,2,2.5,2.5,0.4275,0.4275,0.0,0.0,-5.0,300.5,3.0,1.0,1.0,3.0,3.0,40.080460475555554,0.0,0.0,0.0,2,0,1,0.5,4.0,1.0,0,299.0,0
CUST-CB4B1F89,2023-11-20,False,Enterprise,Annual,Enterprise,Partner,Education,Canada,407,2,1,2,2,1,1,14,79.86,79.33,0.7476,0.7687,-0.5099,0.0006,-18.0,526.07,5.07,1.0,1.0,3.0,3.0,1.0,1.0,0.0,1.0,14,1,0,0.929,3.5,0.9286,0,999.0,0
CUST-9B94AA49,2023-02-14,False,SMB,Monthly,Pro,Referral,Retail,France,686,0,0,1,3,6,2,23,78.87,80.0,0.7239,0.7203,-0.167,-0.001,3.0,546.04,4.74,5.0,1.0,3.6,1.0,15.276727702444443,0.2,0.2,2.0,23,1,0,0.957,1.57,0.9565,0,299.0,0
CUST-45987CD2,2023-06-21,False,Enterprise,Multi-Year,Enterprise,Paid,Retail,Germany,559,2,2,2,1,6,3,19,77.74,77.0,0.791,0.7553,0.2439,0.0013,-5.0,493.89,4.32,5.0,1.0,3.8,1.0,16.93062892411111,0.4,0.0,1.0,19,0,0,1.0,0.0,1.0,0,999.0,0
CUST-557FBBD7,2024-01-02,True,SMB,Monthly,Basic,Referral,Healthcare,Germany,364,0,0,0,3,3,3,12,37.67,18.33,0.3683,0.1627,-4.0559,-0.0499,13.0,207.92,3.0,3.0,2.0,3.6666666666666665,2.0,11.112024364907407,0.0,0.333,1.0,12,1,2,0.75,7.33,0.9167,0,99.0,1
CUST-F3F25265,2024-01-24,True,SMB,Annual,Basic,Referral,Logistics,India,342,0,1,0,3,4,4,11,39.91,23.67,0.3387,0.189,-5.4909,-0.0431,-10.0,187.55,2.64,0.0,0.0,0.0,0.0,0.0,0.0,0.0,0.0,11,0,1,0.909,1.55,1.0,0,99.0,1
CUST-1FE7FB70,2024-03-13,False,Enterprise,Multi-Year,Enterprise,Organic,Manufacturing,Germany,293,2,2,2,0,5,3,10,43.5,25.0,0.3789,0.197,-4.6121,-0.0565,1.0,196.8,2.6,1.0,1.0,4.0,4.0,21.908699078055555,0.0,0.0,0.0,10,0,2,0.8,4.9,1.0,0,999.0,0
CUST-6080DF03,2023-10-11,False,SMB,Annual,Pro,Partner,Healthcare,US,447,0,1,1,2,3,6,15,78.07,78.67,0.7635,0.7813,1.0071,0.0056,11.0,517.67,5.0,2.0,1.0,4.5,4.0,21.45798216597222,0.5,0.0,0.0,15,0,1,0.933,1.07,1.0,0,299.0,0
CUST-2DC8AB6E,2024-02-08,False,Mid-Market,Annual,Pro,Paid,SaaS,Australia,327,1,1,1,1,7,0,11,77.09,76.33,0.7543,0.7703,0.0364,0.0021,14.0,455.09,3.82,3.0,2.0,4.666666666666667,4.0,18.484480860277777,0.0,0.667,0.0,11,1,0,0.909,1.45,0.9091,0,299.0,0
CUST-BFD28FD8,2024-05-29,False,SMB,Annual,Basic,Partner,Retail,Australia,216,0,1,0,2,6,0,8,42.25,47.33,0.4556,0.318,3.8095,-0.0598,33.0,178.0,2.25,2.0,1.0,4.0,3.0,5.178642521944445,1.0,0.0,1.0,8,3,0,0.625,12.5,0.625,0,99.0,0
CUST-DA01D2F9,2023-12-20,True,Mid-Market,Annual,Pro,Referral,E-commerce,Australia,377,1,1,1,3,0,0,7,53.57,40.67,0.4861,0.3827,-6.6429,-0.0605,-13.0,186.14,3.14,0.0,0.0,0.0,0.0,0.0,0.0,0.0,0.0,7,1,1,0.714,7.14,0.8571,1,299.0,1
CUST-6508C433,2023-12-25,False,SMB,Annual,Pro,Organic,Finance,Germany,372,0,1,1,0,2,3,13,37.08,32.67,0.3882,0.327,-0.2418,-0.0056,11.0,228.54,3.0,7.0,3.0,2.2857142857142856,1.0,48.835963192857136,0.0,0.429,1.0,13,0,2,0.846,2.08,1.0,0,299.0,0
CUST-1FD43D86,2023-12-22,False,SMB,Annual,Pro,Referral,Retail,France,375,0,1,1,3,6,2,13,71.69,67.33,0.7684,0.8017,-1.4231,0.0011,-42.0,495.23,4.54,2.0,1.0,5.0,5.0,19.744995282916666,0.0,0.5,0.0,13,0,0,1.0,0.0,1.0,0,299.0,0
CUST-3C4F4E8E,2023-12-29,False,SMB,Monthly,Basic,Referral,Healthcare,India,368,0,0,0,3,3,4,13,32.92,33.67,0.3862,0.375,-0.1978,0.0007,-3.0,212.31,2.08,9.0,5.0,2.4444444444444446,1.0,44.28599411188271,0.0,0.222,3.0,13,3,1,0.692,8.85,0.7692,0,99.0,0
CUST-37DDB6DA,2024-02-01,True,SMB,Monthly,Basic,Partner,Retail,Australia,334,0,0,0,2,6,0,7,53.14,39.0,0.4666,0.367,-5.6429,-0.0523,1.0,186.14,1.71,0.0,0.0,0.0,0.0,0.0,0.0,0.0,0.0,7,1,1,0.714,6.86,0.8571,1,99.0,1
CUST-FFF3B5AD,2024-04-18,False,Mid-Market,Monthly,Pro,Partner,Logistics,India,257,1,0,1,2,4,4,9,31.33,31.67,0.4241,0.4027,-0.0,0.0003,-2.0,202.89,2.33,5.0,3.0,3.4,1.0,60.854351421888886,0.0,0.2,1.0,9,1,1,0.778,3.33,0.8889,1,299.0,0
CUST-7C5973D6,2023-12-31,False,SMB,Multi-Year,Pro,Referral,Logistics,Germany,366,0,2,1,3,4,3,13,34.92,32.33,0.3865,0.3443,0.1264,-0.0021,8.0,229.85,2.46,11.0,4.0,1.6363636363636365,1.0,54.771534661969696,0.0,0.545,3.0,13,0,1,0.923,0.69,1.0,0,299.0,0
CUST-A421072D,2023-05-01,False,Mid-Market,Annual,Enterprise,Organic,Education,UK,610,1,1,2,0,1,5,20,81.5,86.0,0.7558,0.8173,-0.1654,0.003,8.0,513.35,4.35,6.0,3.0,4.333333333333333,1.0,15.706092427500002,0.167,0.167,2.0,20,0,0,1.0,0.0,1.0,0,999.0,0
CUST-E555582B,2024-05-16,False,SMB,Monthly,Pro,Referral,Retail,UK,229,0,0,1,3,6,5,8,34.75,34.0,0.4024,0.364,0.7857,-0.0155,5.0,243.0,2.62,4.0,3.0,2.25,1.0,49.488979829444446,0.0,0.25,1.0,8,0,1,0.875,2.75,1.0,0,299.0,0
CUST-70A2F28F,2023-12-10,True,SMB,Annual,Pro,Paid,Healthcare,US,387,0,1,1,1,3,6,11,36.45,37.0,0.3797,0.3847,-0.0091,0.0048,12.0,187.55,2.18,9.0,3.0,2.4444444444444446,1.0,63.95929953472223,0.222,0.444,2.0,11,1,1,0.818,2.73,0.9091,0,299.0,1
CUST-F265EBA2,2023-01-31,False,Enterprise,Annual,Enterprise,Organic,SaaS,Australia,700,2,1,2,0,7,0,24,81.12,87.33,0.7421,0.6857,-0.1057,-0.0019,-5.0,469.12,4.88,2.0,2.0,3.5,3.0,23.043603118194447,0.0,0.0,1.0,24,0,1,0.958,0.29,1.0,0,999.0,0
CUST-4341D14B,2022-10-29,False,Mid-Market,Monthly,Pro,Organic,Education,Australia,794,1,0,1,0,1,0,27,79.3,90.33,0.7309,0.768,0.0354,0.0001,4.0,523.96,4.52,4.0,2.0,4.0,3.0,9.199062568125001,0.25,0.0,1.0,27,0,3,0.889,1.96,1.0,0,299.0,0
CUST-0A102856,2023-12-03,False,SMB,Multi-Year,Basic,Referral,Education,France,394,0,2,0,3,1,2,13,33.31,4.33,0.3445,0.13,-5.2418,-0.0446,-6.0,240.08,2.69,0.0,0.0,0.0,0.0,0.0,0.0,0.0,0.0,13,0,4,0.692,4.23,1.0,0,99.0,0
CUST-1B895C90,2024-07-08,False,SMB,Monthly,Basic,Referral,Healthcare,Canada,176,0,0,0,3,3,1,6,53.33,47.0,0.5043,0.4163,-4.9714,-0.0749,-5.0,256.33,2.0,1.0,1.0,3.0,3.0,6.241890196666667,0.0,1.0,0.0,6,0,0,1.0,0.0,1.0,0,99.0,0
CUST-14E1F385,2024-04-24,True,SMB,Monthly,Basic,Partner,Finance,Canada,251,0,0,0,2,2,1,7,34.71,33.33,0.434,0.4393,-0.25,0.0091,4.0,143.71,2.86,6.0,2.0,2.0,1.0,72.90783374689815,0.333,0.167,2.0,7,0,0,1.0,0.0,1.0,0,99.0,1
CUST-206D4BAD,2023-02-08,False,SMB,Monthly,Pro,Paid,Education,France,692,0,0,1,1,1,2,23,79.0,84.0,0.7483,0.719,-0.0524,0.0015,-10.0,525.48,4.35,3.0,1.0,5.0,5.0,15.152186675092594,0.0,0.0,2.0,23,1,2,0.87,1.57,0.9565,0,299.0,0
CUST-CCDFDBCA,2024-10-23,False,Mid-Market,Multi-Year,Enterprise,Partner,Healthcare,UK,69,1,2,2,2,3,5,3,24.33,24.33,0.2623,0.2623,-5.5,-0.0455,1.0,148.0,2.67,1.0,1.0,3.0,3.0,18.362792926388888,0.0,0.0,0.0,3,0,0,1.0,0.0,1.0,0,999.0,0
CUST-2946522A,2024-10-23,False,Enterprise,Annual,Enterprise,Partner,Education,US,69,2,1,2,2,1,6,3,22.33,22.33,0.3643,0.3643,-9.0,0.123,-13.0,206.0,3.0,1.0,1.0,3.0,3.0,32.619928308611115,0.0,0.0,0.0,3,0,1,0.667,4.0,1.0,0,999.0,0
CUST-DBE7064B,2024-08-24,True,SMB,Monthly,Pro,Referral,Logistics,India,129,0,0,1,3,4,4,4,29.25,31.67,0.3152,0.334,6.9,0.0085,-4.0,134.25,2.75,0.0,0.0,0.0,0.0,0.0,0.0,0.0,0.0,4,0,0,1.0,0.0,1.0,0,299.0,1
CUST-32FF235A,2024-01-15,False,SMB,Annual,Pro,Referral,Education,France,351,0,1,1,3,1,2,12,36.25,9.0,0.3877,0.174,-5.2552,-0.0515,1.0,169.75,3.58,4.0,1.0,4.75,4.0,23.474266598194447,0.0,0.25,1.0,12,0,0,1.0,0.0,1.0,0,299.0,0
CUST-CD8EE322,2022-10-19,False,Mid-Market,Annual,Pro,Referral,Logistics,Germany,804,1,1,1,3,4,3,27,75.0,81.67,0.7464,0.7513,0.1557,0.0002,2.0,540.37,4.41,2.0,1.0,4.0,3.0,16.974091302083334,0.0,0.0,0.0,27,0,2,0.926,2.0,1.0,0,299.0,0
CUST-315042BB,2023-10-08,False,Mid-Market,Monthly,Pro,Referral,Retail,Canada,450,1,0,1,3,6,1,15,33.93,36.33,0.3415,0.3193,0.5321,-0.0031,-13.0,227.13,2.87,10.0,4.0,2.8,1.0,45.46596935150001,0.2,0.3,3.0,15,0,1,0.933,1.93,1.0,0,299.0,0
CUST-10B052E2,2023-11-09,True,Mid-Market,Monthly,Pro,Partner,Logistics,Canada,418,1,0,1,2,4,1,11,33.45,27.67,0.422,0.417,-0.4273,-0.0047,15.0,225.73,2.27,5.0,1.0,2.8,1.0,47.68550893361111,0.0,0.6,2.0,11,2,1,0.727,4.45,0.8182,1,299.0,1
CUST-8440635C,2023-07-07,False,SMB,Annual,Basic,Referral,Manufacturing,Germany,543,0,1,0,3,5,3,18,82.72,81.33,0.7479,0.688,-0.3684,-0.0009,18.0,483.94,4.5,4.0,2.0,3.5,3.0,25.527546477152775,0.0,0.0,0.0,18,0,1,0.944,0.5,1.0,0,99.0,0
CUST-F76D790B,2023-12-29,True,Mid-Market,Annual,Pro,Partner,E-commerce,Canada,368,1,1,1,2,0,1,10,45.1,25.33,0.4065,0.3043,-5.3273,-0.0363,6.0,168.7,3.6,0.0,0.0,0.0,0.0,0.0,0.0,0.0,0.0,10,1,1,0.8,4.9,0.9,1,299.0,1
CUST-928E23F0,2024-06-22,False,Mid-Market,Annual,Pro,Paid,Manufacturing,Germany,192,1,1,1,1,5,3,7,42.71,53.33,0.6029,0.5193,8.0714,-0.0051,5.0,179.43,2.57,3.0,3.0,4.0,3.0,6.00381245574074,1.0,0.0,1.0,7,0,1,0.857,0.86,1.0,0,299.0,0
CUST-0ECC80DC,2024-02-10,False,SMB,Annual,Pro,Paid,Education,France,325,0,1,1,1,1,2,11,33.55,30.67,0.4129,0.4693,-0.6091,0.0084,18.0,153.09,2.73,9.0,3.0,2.2222222222222223,1.0,47.26242195756172,0.0,0.333,4.0,11,0,1,0.909,2.55,1.0,0,299.0,0
CUST-3FCABB1E,2024-03-07,True,SMB,Monthly,Basic,Paid,Education,UK,299,0,0,0,1,1,5,9,38.33,43.0,0.3876,0.4023,1.0,0.0088,1.0,242.11,3.22,7.0,4.0,2.4285714285714284,1.0,42.15650124281746,0.143,0.714,1.0,9,0,0,1.0,0.0,1.0,0,99.0,1
CUST-0179EA2D,2024-02-28,False,Enterprise,Multi-Year,Enterprise,Paid,SaaS,India,307,2,2,2,1,7,4,11,36.91,6.0,0.3743,0.1873,-6.5,-0.0451,5.0,213.36,2.91,0.0,0.0,0.0,0.0,0.0,0.0,0.0,0.0,11,2,2,0.636,11.55,0.8182,1,999.0,0
CUST-40B048DD,2023-08-11,True,SMB,Multi-Year,Basic,Referral,Retail,Australia,508,0,2,0,3,6,0,15,34.67,11.0,0.3273,0.083,-4.7036,-0.044,-9.0,200.27,2.87,3.0,3.0,3.3333333333333335,3.0,15.511800168055558,0.0,0.0,1.0,15,1,1,0.867,5.67,0.9333,0,99.0,1
CUST-E618A8ED,2024-09-13,False,Mid-Market,Annual,Pro,Paid,Finance,Germany,109,1,1,1,1,2,3,4,70.5,72.67,0.5888,0.5213,4.2,-0.1257,-22.0,182.75,2.25,1.0,1.0,5.0,5.0,31.125491943333333,1.0,0.0,0.0,4,0,1,0.5,3.0,0.5,0,299.0,0
CUST-A19C090D,2023-01-08,False,Enterprise,Multi-Year,Enterprise,Paid,Manufacturing,France,723,2,2,2,1,5,2,24,83.25,75.67,0.7405,0.7803,-0.5183,0.0029,26.0,486.04,3.75,4.0,1.0,3.0,2.0,11.956996333055555,0.0,0.5,3.0,24,0,3,0.875,2.0,1.0,0,999.0,0
CUST-F0F37F53,2024-08-24,True,Mid-Market,Multi-Year,Enterprise,Partner,E-commerce,Canada,129,1,2,2,2,0,1,5,36.8,40.0,0.5712,0.486,3.5,-0.048,28.0,205.8,2.6,0.0,0.0,0.0,0.0,0.0,0.0,0.0,0.0,5,1,1,0.6,9.8,0.8,1,999.0,1
CUST-9CA3F97A,2024-03-06,True,SMB,Monthly,Pro,Referral,Logistics,Canada,300,0,0,1,3,4,1,7,32.0,35.33,0.4314,0.4587,0.0357,0.0077,-2.0,162.29,3.0,5.0,3.0,2.8,1.0,49.3801094055,0.2,0.0,2.0,7,0,1,0.857,2.86,1.0,0,299.0,1
CUST-292A2FBD,2023-09-24,True,Enterprise,Multi-Year,Enterprise,Paid,E-commerce,UK,464,2,2,2,1,0,5,16,30.75,38.67,0.4251,0.4233,0.6353,-0.001,-13.0,202.5,3.0,14.0,4.0,2.142857142857143,1.0,54.60892177980158,0.143,0.357,2.0,16,1,4,0.688,8.25,0.9375,0,999.0,1
CUST-83135F27,2023-04-30,False,Mid-Market,Annual,Pro,Partner,Retail,Germany,611,1,1,1,2,6,3,21,80.43,81.67,0.7625,0.76,0.4221,0.0005,12.0,506.76,4.67,0.0,0.0,0.0,0.0,0.0,0.0,0.0,0.0,21,0,0,1.0,0.0,1.0,0,299.0,0
CUST-0FE3A823,2023-11-21,False,SMB,Monthly,Pro,Partner,Logistics,Germany,406,0,0,1,2,4,3,14,81.86,78.67,0.7273,0.7377,0.1275,0.0008,-18.0,454.07,5.0,1.0,1.0,5.0,5.0,21.57192879,0.0,0.0,1.0,14,0,0,1.0,0.0,1.0,0,299.0,0
CUST-56EA9908,2024-06-18,False,SMB,Monthly,Basic,Paid,E-commerce,France,196,0,0,0,1,0,2,7,49.71,47.67,0.5911,0.657,2.3571,0.0486,43.0,205.29,2.14,2.0,2.0,3.0,1.0,12.277019659444445,0.5,0.0,0.0,7,1,2,0.571,9.14,0.8571,0,99.0,0
CUST-09649AFF,2024-01-05,False,Enterprise,Multi-Year,Enterprise,Paid,Education,UK,361,2,2,2,1,1,5,12,39.75,18.33,0.4003,0.2087,-4.3951,-0.0542,-2.0,219.83,2.83,2.0,2.0,3.0,1.0,24.30895955125,0.0,0.5,0.0,12,1,3,0.667,7.67,0.9167,1,999.0,0
CUST-42B1471D,2024-11-15,True,Mid-Market,Monthly,Enterprise,Organic,Manufacturing,France,46,1,0,2,0,5,2,2,24.5,24.5,0.2195,0.2195,0.0,0.0,17.0,203.0,2.5,0.0,0.0,0.0,0.0,0.0,0.0,0.0,0.0,2,0,0,1.0,0.0,1.0,0,999.0,1
CUST-4E99B68B,2023-04-03,False,SMB,Multi-Year,Basic,Paid,Logistics,India,638,0,2,0,1,4,4,21,80.76,84.0,0.7575,0.7237,-0.1714,-0.0026,1.0,502.1,4.57,3.0,1.0,4.333333333333333,3.0,19.239752858425927,0.0,0.333,1.0,21,2,3,0.762,4.0,0.9048,0,99.0,0
CUST-06A6DE1A,2024-01-12,False,SMB,Monthly,Basic,Paid,Manufacturing,Germany,354,0,0,0,1,5,3,12,34.58,32.0,0.4148,0.4613,-0.3811,0.0026,8.0,196.42,2.83,9.0,2.0,2.888888888888889,1.0,47.14698111814815,0.222,0.222,1.0,12,0,5,0.583,5.83,1.0,0,99.0,0
CUST-946EFD8D,2023-09-06,False,SMB,Annual,Basic,Partner,Education,Australia,482,0,1,0,2,1,0,16,79.5,76.33,0.766,0.7777,-0.2706,-0.0024,15.0,479.62,3.94,1.0,1.0,2.0,2.0,15.468514999444444,0.0,0.0,0.0,16,0,0,1.0,0.0,1.0,0,99.0,0
CUST-F4D55157,2023-08-27,True,Enterprise,Annual,Enterprise,Referral,SaaS,UK,492,2,1,2,3,7,5,9,39.11,32.67,0.489,0.3037,-2.1833,-0.0619,-23.0,179.78,2.56,2.0,1.0,4.5,4.0,15.39439321125,0.5,0.0,0.0,9,0,3,0.667,4.78,1.0,0,999.0,1
CUST-92495346,2024-01-09,True,SMB,Annual,Basic,Paid,Retail,India,357,0,1,0,1,6,4,8,53.38,48.0,0.4522,0.3817,-1.869,-0.0269,21.0,197.75,3.25,2.0,2.0,4.5,4.0,25.98948191361111,0.0,0.0,1.0,8,1,1,0.75,9.38,0.875,0,99.0,1
CUST-F6BF1AD0,2024-05-10,False,SMB,Monthly,Basic,Organic,Manufacturing,India,235,0,0,0,0,5,4,8,82.75,80.67,0.7291,0.7593,-1.4524,0.0057,6.0,452.25,4.88,2.0,1.0,4.5,4.0,18.625146264999998,0.0,0.5,0.0,8,0,1,0.875,3.38,1.0,0,99.0,0
CUST-AE72E90B,2024-04-12,False,SMB,Monthly,Pro,Partner,Healthcare,Germany,263,0,0,1,2,3,3,9,41.0,54.67,0.4679,0.5037,3.75,-0.0087,13.0,192.44,2.22,4.0,4.0,2.75,2.0,11.710689904930556,0.75,0.25,2.0,9,2,1,0.667,14.78,0.7778,1,299.0,0
CUST-8B1139BF,2024-03-26,False,SMB,Monthly,Basic,Paid,Finance,Australia,280,0,0,0,1,2,0,10,32.2,31.33,0.4085,0.4537,-0.6303,0.0037,-18.0,211.6,2.2,8.0,2.0,3.5,1.0,51.79611045375,0.0,0.75,4.0,10,1,4,0.5,8.5,0.9,1,99.0,0
CUST-0EA03D4A,2024-02-22,False,Mid-Market,Annual,Pro,Organic,E-commerce,Canada,313,1,1,1,0,0,1,11,50.55,57.0,0.5616,0.6507,-0.7364,0.0122,-27.0,256.27,3.18,4.0,3.0,3.25,2.0,18.580388339305557,1.0,0.0,0.0,11,2,3,0.455,9.82,0.6364,1,299.0,0
CUST-E935481E,2023-10-01,False,Mid-Market,Annual,Pro,Organic,Logistics,Canada,457,1,1,1,0,4,1,15,78.73,82.33,0.7106,0.675,0.0571,-0.0069,13.0,465.8,4.73,3.0,3.0,4.333333333333333,3.0,12.258938224074074,0.0,0.333,2.0,15,0,0,1.0,0.0,1.0,0,299.0,0
CUST-7D9D50A2,2024-05-04,False,SMB,Annual,Basic,Paid,Logistics,US,241,0,1,0,1,4,6,8,46.62,51.33,0.4915,0.552,0.6548,0.0261,-8.0,287.0,2.38,4.0,2.0,2.5,1.0,16.72158369222222,0.25,0.5,1.0,8,3,3,0.25,21.88,0.625,0,99.0,0
CUST-0F066B9F,2024-01-21,True,SMB,Annual,Pro,Organic,Manufacturing,Germany,345,0,1,1,0,5,3,6,57.67,52.67,0.4877,0.46,-3.4857,-0.036,-30.0,267.33,3.5,0.0,0.0,0.0,0.0,0.0,0.0,0.0,0.0,6,1,1,0.667,11.17,0.8333,1,299.0,1
CUST-A9CFDC6F,2023-10-18,False,SMB,Monthly,Basic,Partner,E-commerce,US,440,0,0,0,2,0,6,15,37.4,47.33,0.3779,0.3487,0.7,0.0023,5.0,176.6,2.87,12.0,3.0,2.6666666666666665,1.0,49.06772947731482,0.083,0.417,5.0,15,2,1,0.8,5.67,0.8667,1,99.0,0
CUST-C3107312,2023-12-14,False,Mid-Market,Annual,Enterprise,Referral,Education,India,383,1,1,2,3,1,4,13,76.0,80.33,0.7235,0.7293,0.8791,0.0004,-1.0,457.69,5.0,1.0,1.0,1.0,1.0,37.279491802500004,0.0,0.0,0.0,13,0,1,0.923,2.31,1.0,0,999.0,0
CUST-BC3623F3,2024-11-08,False,Enterprise,Multi-Year,Enterprise,Paid,E-commerce,Germany,53,2,2,2,1,0,3,2,26.5,26.5,0.321,0.321,0.0,0.0,3.0,360.0,1.5,0.0,0.0,0.0,0.0,0.0,0.0,0.0,0.0,2,0,0,1.0,0.0,1.0,0,999.0,0
CUST-AC905C22,2024-05-31,True,SMB,Monthly,Pro,Organic,SaaS,France,214,0,0,1,0,7,2,6,58.0,63.33,0.5235,0.5987,1.2,0.0275,-13.0,187.17,3.0,1.0,1.0,5.0,5.0,18.219732959722222,0.0,0.0,0.0,6,1,0,0.5,9.17,0.1667,1,299.0,1
CUST-3A705613,2024-11-13,False,Mid-Market,Annual,Pro,Partner,Finance,UK,48,1,1,1,2,2,5,2,9.5,9.5,0.2885,0.2885,0.0,0.0,15.0,314.0,1.0,0.0,0.0,0.0,0.0,0.0,0.0,0.0,0.0,2,0,0,1.0,0.0,1.0,0,299.0,0
CUST-6C92F2CF,2023-09-30,True,Mid-Market,Annual,Enterprise,Paid,Finance,US,458,1,1,2,1,2,6,9,41.22,21.0,0.4527,0.3473,-6.25,-0.0373,-1.0,235.33,2.33,1.0,1.0,3.0,3.0,30.86050103861111,1.0,0.0,0.0,9,1,2,0.667,8.22,0.8889,1,999.0,1
CUST-E9BF3C9E,2023-02-28,False,SMB,Annual,Pro,Partner,SaaS,UK,672,0,1,1,2,7,5,23,81.0,81.0,0.7511,0.6733,0.1304,0.0004,29.0,497.83,4.39,2.0,1.0,5.0,5.0,18.298797363333335,0.0,0.0,0.0,23,0,2,0.913,1.3,1.0,0,299.0,0
CUST-48E750BA,2024-06-28,True,SMB,Multi-Year,Basic,Referral,Retail,India,186,0,2,0,3,6,4,7,52.71,49.67,0.479,0.4093,-2.75,-0.0364,14.0,193.29,2.71,1.0,1.0,4.0,4.0,22.707532415555555,0.0,0.0,0.0,7,0,0,1.0,0.0,1.0,0,99.0,1
CUST-94FF3F1A,2022-11-27,False,Enterprise,Multi-Year,Enterprise,Referral,Manufacturing,Germany,765,2,2,2,3,5,3,26,79.69,82.67,0.7593,0.7947,0.1737,-0.0024,1.0,491.42,4.88,4.0,1.0,4.0,2.0,12.85169716013889,0.0,0.5,1.0,26,0,2,0.923,1.46,1.0,0,999.0,0
CUST-861EA9A8,2022-04-25,False,Enterprise,Multi-Year,Enterprise,Partner,Education,India,981,2,2,2,2,1,4,33,76.79,77.0,0.715,0.791,-0.0114,-0.0,-42.0,492.33,4.61,6.0,2.0,4.166666666666667,1.0,17.362093398333332,0.0,0.333,0.0,33,0,1,0.97,0.15,1.0,0,999.0,0
CUST-82E92028,2022-11-07,False,Mid-Market,Annual,Pro,Partner,Education,India,785,1,1,1,2,1,4,26,79.81,76.33,0.7377,0.6323,-0.0065,-0.0035,-13.0,491.31,4.65,3.0,2.0,5.0,5.0,21.887299549814813,0.0,0.333,2.0,26,1,0,0.962,0.88,0.9615,0,299.0,0
CUST-97EC28C2,2024-02-09,False,Mid-Market,Annual,Enterprise,Partner,Healthcare,Canada,326,1,1,2,2,3,1,11,76.82,74.67,0.7403,0.7217,-1.2636,0.0053,19.0,488.27,4.82,2.0,1.0,4.5,4.0,20.047476552083335,0.0,0.5,1.0,11,0,0,1.0,0.0,1.0,0,999.0,0
CUST-1EFDB718,2024-11-10,False,Enterprise,Multi-Year,Enterprise,Paid,Education,UK,51,2,2,2,1,1,5,2,36.5,36.5,0.3535,0.3535,0.0,0.0,3.0,154.5,1.0,1.0,1.0,5.0,5.0,29.042145208333334,0.0,0.0,0.0,2,1,0,0.5,9.0,0.5,1,999.0,0
CUST-B19D1C46,2022-09-25,False,SMB,Monthly,Basic,Organic,Finance,Australia,828,0,0,0,0,2,0,28,77.07,90.0,0.74,0.7553,0.3645,-0.0014,3.0,498.54,4.68,5.0,1.0,4.0,1.0,19.963524922055562,0.2,0.0,2.0,28,0,1,0.964,0.93,1.0,0,99.0,0
CUST-9C6DC171,2023-09-16,False,Mid-Market,Annual,Pro,Partner,Finance,France,472,1,1,1,2,2,2,16,78.12,84.33,0.7328,0.6737,0.2441,-0.0057,32.0,508.5,4.75,2.0,1.0,4.5,4.0,17.23594345513889,0.0,0.0,1.0,16,0,1,0.938,1.5,1.0,0,299.0,0
CUST-D0889421,2023-02-21,False,SMB,Annual,Basic,Partner,E-commerce,UK,679,0,1,0,2,0,5,23,80.7,79.0,0.742,0.778,-0.1364,0.0006,-14.0,507.3,4.78,2.0,2.0,3.0,2.0,19.371227978333334,0.0,0.0,0.0,23,0,1,0.957,0.3,1.0,0,99.0,0
CUST-8C8BA81A,2024-10-19,False,Mid-Market,Annual,Pro,Partner,Manufacturing,Canada,73,1,1,1,2,5,1,3,12.33,12.33,0.2833,0.2833,7.0,0.1255,18.0,262.0,1.67,2.0,2.0,5.0,5.0,22.928285823750002,0.5,0.0,1.0,3,0,0,1.0,0.0,1.0,0,299.0,0
CUST-579198E7,2024-05-29,False,SMB,Monthly,Pro,Partner,E-commerce,Germany,216,0,0,1,2,0,3,8,42.75,24.33,0.468,0.34,-7.3333,-0.0458,-23.0,166.5,2.88,1.0,1.0,1.0,1.0,17.2469557925,0.0,0.0,0.0,8,1,1,0.75,4.62,0.875,0,299.0,0
CUST-8685DB08,2024-01-23,True,SMB,Monthly,Pro,Organic,Healthcare,India,343,0,0,1,0,3,4,7,35.71,33.0,0.4169,0.4083,-1.3929,0.0012,-23.0,197.71,3.0,2.0,2.0,2.5,1.0,38.96301813597222,0.0,0.5,1.0,7,0,2,0.714,3.57,1.0,0,299.0,1
CUST-5C6D9B93,2024-12-01,False,Mid-Market,Annual,Pro,Partner,Finance,Canada,30,1,1,1,2,2,1,1,78.0,78.0,0.749,0.749,0.0,0.0,0.0,427.0,4.0,0.0,0.0,0.0,0.0,0.0,0.0,0.0,0.0,1,0,0,1.0,0.0,1.0,0,299.0,0
CUST-C17AA809,2024-07-11,True,Enterprise,Annual,Enterprise,Partner,Logistics,France,173,2,1,2,2,4,2,5,51.6,66.0,0.4648,0.4997,12.3,0.0735,-37.0,174.6,1.8,0.0,0.0,0.0,0.0,0.0,0.0,0.0,0.0,5,2,0,0.6,19.8,0.6,2,999.0,1
CUST-83AF00DA,2024-03-29,False,SMB,Monthly,Basic,Organic,SaaS,UK,277,0,0,0,0,7,5,10,41.7,21.67,0.3859,0.29,-5.4242,-0.022,-6.0,190.3,2.6,1.0,1.0,4.0,4.0,15.459794338333332,0.0,1.0,0.0,10,0,1,0.9,0.9,1.0,0,99.0,0
CUST-23AA21EA,2024-05-27,True,SMB,Annual,Basic,Organic,Healthcare,India,218,0,1,0,0,3,4,5,34.0,33.0,0.4428,0.4893,-2.4,0.0472,-17.0,197.8,4.2,1.0,1.0,1.0,1.0,50.01125663055556,0.0,1.0,0.0,5,0,0,1.0,0.0,1.0,0,99.0,1
CUST-94705C82,2022-07-22,False,SMB,Annual,Pro,Organic,Logistics,Germany,893,0,1,1,0,4,3,30,81.67,81.0,0.7557,0.727,-0.0859,-0.0017,-26.0,496.6,4.93,5.0,1.0,4.0,3.0,22.49491653061111,0.2,0.0,2.0,30,0,2,0.933,1.63,1.0,0,299.0,0
CUST-F9CC5A64,2024-01-24,False,SMB,Monthly,Basic,Partner,SaaS,Canada,342,0,0,0,2,7,1,12,75.67,74.33,0.752,0.7373,-0.6364,0.004,16.0,527.08,4.83,1.0,1.0,3.0,3.0,14.228442171944444,0.0,0.0,0.0,12,0,1,0.917,1.67,1.0,0,99.0,0
CUST-92B26887,2024-03-03,False,SMB,Monthly,Basic,Referral,Manufacturing,UK,303,0,0,0,3,5,5,10,37.2,40.33,0.3986,0.3957,1.0909,0.0044,18.0,181.7,2.5,9.0,2.0,2.2222222222222223,1.0,33.681791760277775,0.0,0.222,4.0,10,0,1,0.9,0.7,1.0,0,99.0,0
CUST-6E9FD109,2023-04-18,False,SMB,Monthly,Basic,Referral,Finance,India,623,0,0,0,3,2,4,21,76.52,61.0,0.764,0.7333,-0.6753,-0.003,-8.0,529.29,4.81,2.0,1.0,5.0,5.0,12.048590921527778,0.0,0.5,0.0,21,0,1,0.952,1.1,1.0,0,99.0,0
CUST-71905984,2024-01-08,False,Mid-Market,Annual,Enterprise,Partner,Education,US,358,1,1,2,2,1,6,12,47.83,57.0,0.5303,0.672,0.5594,0.0177,-11.0,228.08,2.5,1.0,1.0,3.0,3.0,25.85846413166667,0.0,0.0,0.0,12,3,4,0.333,18.0,0.5833,2,999.0,0
CUST-C6E42A2A,2024-07-14,True,Mid-Market,Monthly,Enterprise,Organic,Retail,India,170,1,0,2,0,6,4,6,53.33,49.67,0.4622,0.3457,-1.6571,-0.0665,-3.0,164.5,4.33,0.0,0.0,0.0,0.0,0.0,0.0,0.0,0.0,6,0,0,1.0,0.0,1.0,0,999.0,1
CUST-C8A6D1C1,2023-09-16,False,SMB,Annual,Pro,Referral,Logistics,Australia,472,0,1,1,3,4,0,16,34.0,35.67,0.3866,0.3383,0.4441,0.0,7.0,225.0,2.62,12.0,4.0,1.5833333333333333,1.0,47.94584687606482,0.333,0.5,3.0,16,0,1,0.938,1.44,1.0,0,299.0,0
CUST-F0E88EE6,2023-05-10,False,Enterprise,Multi-Year,Enterprise,Paid,SaaS,Australia,601,2,2,2,1,7,0,20,83.2,76.33,0.7259,0.7413,0.403,0.0058,-4.0,471.5,4.45,1.0,1.0,5.0,5.0,19.28763736361111,0.0,0.0,1.0,20,0,1,0.95,1.3,1.0,0,999.0,0
CUST-D530BB3F,2024-11-19,True,SMB,Annual,Pro,Paid,Manufacturing,US,42,0,1,1,1,5,6,2,21.0,21.0,0.32,0.32,0.0,0.0,-24.0,279.0,1.5,1.0,1.0,5.0,5.0,31.386779742222224,0.0,0.0,0.0,2,0,0,1.0,0.0,1.0,0,299.0,1
CUST-718F125B,2024-03-22,False,Mid-Market,Annual,Pro,Organic,Healthcare,Germany,284,1,1,1,0,3,3,10,42.0,49.33,0.406,0.3183,0.2061,0.0005,-12.0,219.0,2.8,4.0,1.0,3.5,3.0,20.875161958611113,0.5,0.0,0.0,10,0,3,0.7,6.1,1.0,0,299.0,0
CUST-CFAEEBE0,2024-02-18,False,SMB,Monthly,Pro,Referral,Education,Canada,317,0,0,1,3,1,1,11,35.91,19.67,0.4117,0.1747,-2.9364,-0.058,-8.0,221.18,3.18,3.0,2.0,3.6666666666666665,3.0,21.171268635555553,0.0,1.0,0.0,11,0,2,0.818,3.55,1.0,0,299.0,0
CUST-7C00D0C6,2023-08-28,False,Enterprise,Annual,Enterprise,Partner,Education,Canada,491,2,1,2,2,1,1,17,78.41,78.67,0.7629,0.694,-0.0441,-0.0036,10.0,484.29,4.18,1.0,1.0,5.0,5.0,37.02429880472222,0.0,0.0,0.0,17,1,0,0.941,2.0,0.9412,0,999.0,0
CUST-967D2730,2023-04-29,False,SMB,Annual,Basic,Organic,E-commerce,UK,612,0,1,0,0,0,5,21,80.67,75.67,0.7555,0.7823,-0.0818,-0.0026,21.0,491.43,4.71,2.0,1.0,4.0,3.0,20.43369136486111,0.0,0.0,1.0,21,0,0,1.0,0.0,1.0,0,99.0,0
CUST-1628F5EB,2023-07-20,False,Mid-Market,Monthly,Pro,Organic,E-commerce,Canada,530,1,0,1,0,0,1,18,78.89,73.67,0.7304,0.7393,0.3426,0.0009,6.0,499.89,4.11,5.0,2.0,4.8,4.0,9.1037453775,0.0,0.4,2.0,18,0,0,1.0,0.0,1.0,0,299.0,0
CUST-2893568E,2023-04-21,False,SMB,Monthly,Basic,Partner,Education,UK,620,0,0,0,2,1,5,21,79.76,69.33,0.7151,0.7037,-0.6013,0.0007,13.0,481.24,4.24,4.0,1.0,4.0,2.0,14.27952400201389,0.0,0.75,2.0,21,0,0,1.0,0.0,1.0,0,99.0,0
CUST-1CF5F4C8,2024-03-07,True,SMB,Monthly,Basic,Partner,Retail,France,299,0,0,0,2,6,2,5,38.0,52.67,0.5306,0.4997,12.1,-0.0605,-11.0,304.4,2.6,1.0,1.0,5.0,5.0,16.789585079444446,1.0,0.0,0.0,5,2,1,0.4,17.0,0.6,1,99.0,1
CUST-927E379B,2022-07-30,False,Mid-Market,Annual,Pro,Partner,Healthcare,UK,885,1,1,1,2,3,5,30,77.6,86.0,0.7691,0.782,0.2572,0.0028,2.0,538.93,5.13,1.0,1.0,1.0,1.0,18.005716656388888,0.0,1.0,1.0,30,0,1,0.967,0.97,1.0,0,299.0,0
CUST-C9D92AFE,2023-12-20,False,SMB,Monthly,Basic,Referral,Education,Canada,377,0,0,0,3,1,1,13,76.15,74.33,0.6799,0.6317,-0.1154,-0.006,0.0,458.62,3.85,3.0,3.0,4.0,2.0,21.85987556092593,0.0,0.333,0.0,13,1,0,0.923,2.62,0.9231,0,99.0,0
CUST-0935CE2F,2023-08-28,True,Mid-Market,Annual,Pro,Paid,E-commerce,Germany,491,1,1,1,1,0,3,12,39.83,15.33,0.3274,0.111,-5.7622,-0.0521,-11.0,222.5,3.08,1.0,1.0,2.0,2.0,1.4026463861111111,0.0,0.0,1.0,12,0,2,0.833,3.17,1.0,0,299.0,1
CUST-7260EA7D,2024-08-29,False,SMB,Annual,Pro,Referral,Logistics,Canada,124,0,1,1,3,4,1,5,48.2,42.33,0.5928,0.5957,-4.9,0.0049,24.0,239.8,2.4,0.0,0.0,0.0,0.0,0.0,0.0,0.0,0.0,5,0,0,1.0,0.0,1.0,0,299.0,0
CUST-AB5EB9EC,2024-03-20,False,Mid-Market,Annual,Pro,Partner,Finance,Australia,286,1,1,1,2,2,0,10,45.5,36.0,0.4302,0.415,-4.8667,-0.0236,-7.0,199.6,1.9,2.0,1.0,3.5,2.0,10.552853761666668,0.5,0.0,1.0,10,1,0,0.9,3.2,0.9,0,299.0,0
CUST-68E1BC23,2024-01-14,False,Enterprise,Annual,Enterprise,Paid,Logistics,India,352,2,1,2,1,4,4,12,40.17,17.67,0.3943,0.1623,-4.8322,-0.0472,0.0,191.92,2.25,2.0,1.0,3.0,1.0,18.265602889027775,0.0,0.0,0.0,12,0,2,0.833,3.5,1.0,0,999.0,0
CUST-7718D1D8,2024-02-10,True,SMB,Monthly,Basic,Organic,Healthcare,Australia,325,0,0,0,0,3,0,8,49.62,34.0,0.4772,0.3887,-4.8214,-0.0407,19.0,196.38,2.12,0.0,0.0,0.0,0.0,0.0,0.0,0.0,0.0,8,2,3,0.375,12.75,0.75,1,99.0,1
CUST-70DFF3FE,2024-11-13,False,Mid-Market,Annual,Pro,Partner,E-commerce,India,48,1,1,1,2,0,4,2,11.5,11.5,0.311,0.311,0.0,0.0,9.0,240.0,2.0,0.0,0.0,0.0,0.0,0.0,0.0,0.0,0.0,2,0,1,0.5,11.0,1.0,0,299.0,0
CUST-E3064C1F,2024-05-11,True,SMB,Monthly,Basic,Partner,E-commerce,Germany,234,0,0,0,2,0,3,6,46.67,21.0,0.5523,0.5873,-15.5429,0.0498,-12.0,164.5,2.33,1.0,1.0,2.0,2.0,22.142668997777776,1.0,0.0,0.0,6,0,1,0.833,1.67,1.0,0,99.0,1
CUST-46A7D20E,2024-11-10,False,SMB,Monthly,Pro,Organic,Education,India,51,0,0,1,0,1,4,2,10.5,10.5,0.391,0.391,0.0,0.0,-1.0,197.5,5.5,0.0,0.0,0.0,0.0,0.0,0.0,0.0,0.0,2,0,0,1.0,0.0,1.0,0,299.0,0
CUST-FA31FBB6,2024-03-18,True,Mid-Market,Monthly,Enterprise,Paid,Retail,India,288,1,0,2,1,6,4,9,33.78,28.33,0.3886,0.397,-0.2667,0.002,18.0,182.44,2.33,7.0,4.0,2.142857142857143,1.0,42.310524411269846,0.429,0.143,3.0,9,0,0,1.0,0.0,1.0,0,999.0,1
CUST-962F2E7E,2024-02-22,True,Mid-Market,Multi-Year,Pro,Organic,Education,France,313,1,2,1,0,1,2,11,37.0,45.67,0.4841,0.5403,2.4273,0.0079,13.0,205.0,2.55,2.0,2.0,3.0,2.0,14.944693760555555,1.0,0.0,0.0,11,1,1,0.727,4.09,0.7273,1,299.0,1
CUST-B887ACE9,2023-03-08,False,Mid-Market,Annual,Pro,Partner,Finance,Australia,664,1,1,1,2,2,0,22,77.55,78.0,0.7812,0.8403,0.0237,0.004,-25.0,510.86,4.82,3.0,2.0,4.333333333333333,4.0,16.952521680925926,0.0,0.0,1.0,22,1,2,0.864,2.23,0.9545,0,299.0,0
CUST-6930E3C1,2024-05-08,True,SMB,Monthly,Basic,Organic,E-commerce,Germany,237,0,0,0,0,0,3,8,49.5,33.67,0.4714,0.2813,-4.5476,-0.0665,-17.0,121.0,2.5,2.0,2.0,3.0,3.0,28.166471691944444,0.0,0.5,0.0,8,0,2,0.75,1.62,1.0,0,99.0,1
CUST-E4A0458B,2023-10-14,False,SMB,Monthly,Pro,Referral,Logistics,Australia,444,0,0,1,3,4,0,15,41.33,46.0,0.3883,0.3293,0.3464,-0.0052,11.0,182.6,2.6,10.0,4.0,2.6,1.0,62.90540424238888,0.1,0.6,3.0,15,0,4,0.733,3.53,1.0,0,299.0,0
CUST-5304B000,2024-02-08,True,SMB,Monthly,Pro,Referral,SaaS,US,327,0,0,1,3,7,6,11,35.64,18.67,0.3937,0.2087,-4.5273,-0.0506,-4.0,237.45,3.27,2.0,1.0,2.5,2.0,20.174022610694443,0.0,0.0,0.0,11,0,3,0.727,5.0,1.0,0,299.0,1
CUST-35B46FEC,2024-02-25,False,SMB,Multi-Year,Basic,Referral,Healthcare,UK,310,0,2,0,3,3,5,11,35.82,42.33,0.4159,0.4593,1.9091,0.0144,21.0,224.55,1.91,4.0,4.0,3.5,2.0,11.547887387222222,0.5,0.0,0.0,11,2,0,0.727,3.55,0.6364,1,99.0,0
CUST-9AADD303,2024-03-09,False,SMB,Monthly,Basic,Partner,Education,India,297,0,0,0,2,1,4,10,49.7,54.67,0.5841,0.5407,-0.903,-0.0067,-11.0,216.7,2.1,4.0,2.0,2.0,1.0,15.856840811597221,0.75,0.0,1.0,10,3,1,0.6,15.1,0.7,1,99.0,0
CUST-1FA297B3,2023-10-08,False,SMB,Monthly,Basic,Paid,Finance,India,450,0,0,0,1,2,4,15,84.27,76.33,0.7257,0.717,-0.6536,-0.0006,-27.0,541.27,4.13,2.0,2.0,3.5,3.0,28.32018565083333,0.0,0.0,0.0,15,0,0,1.0,0.0,1.0,0,99.0,0
CUST-2BFB1EA4,2023-08-20,False,Mid-Market,Annual,Enterprise,Referral,Healthcare,Australia,499,1,1,2,3,3,0,17,76.41,79.0,0.762,0.7463,0.2525,0.0031,-11.0,504.76,3.65,4.0,1.0,4.5,4.0,16.4325454125,0.0,0.0,0.0,17,0,0,1.0,0.0,1.0,0,999.0,0
CUST-F7F2E7FF,2023-12-30,True,Enterprise,Multi-Year,Enterprise,Partner,Retail,India,367,2,2,2,2,6,4,8,46.62,34.0,0.4444,0.2767,-4.7262,-0.0724,-7.0,207.62,2.12,1.0,1.0,1.0,1.0,26.502455193611112,0.0,0.0,0.0,8,0,0,1.0,0.0,1.0,0,999.0,1
CUST-7D2E3FAE,2024-03-11,False,SMB,Annual,Pro,Organic,Manufacturing,France,295,0,1,1,0,5,2,10,31.7,26.67,0.5128,0.6333,-1.7636,0.0085,-32.0,210.9,2.3,1.0,1.0,5.0,5.0,15.837930822222223,1.0,0.0,1.0,10,1,1,0.6,6.3,0.5,0,299.0,0
CUST-8E617984,2024-04-27,True,SMB,Monthly,Basic,Paid,Education,Germany,248,0,0,0,1,1,3,7,47.71,52.33,0.5434,0.55,-0.4286,-0.0065,-24.0,199.86,3.43,2.0,2.0,3.0,3.0,26.380214063194444,0.5,0.0,1.0,7,3,1,0.429,23.0,0.5714,0,99.0,1
CUST-91EAD16E,2024-04-17,True,Mid-Market,Multi-Year,Enterprise,Partner,Healthcare,UK,258,1,2,2,2,3,5,8,62.88,68.0,0.4301,0.3983,1.7738,-0.041,18.0,184.62,2.88,3.0,3.0,3.6666666666666665,3.0,18.826269696759258,0.333,0.667,1.0,8,2,3,0.375,13.88,0.75,2,999.0,1
CUST-212A097C,2022-09-24,False,Mid-Market,Annual,Enterprise,Paid,Logistics,US,829,1,1,2,1,4,6,28,80.96,74.0,0.7554,0.7413,-0.2455,-0.0027,-7.0,484.25,4.46,4.0,1.0,4.0,2.0,9.002699729375001,0.0,0.25,0.0,28,0,2,0.929,1.54,1.0,0,999.0,0
CUST-E3D1F31F,2023-08-26,False,Mid-Market,Annual,Pro,Partner,Education,Germany,493,1,1,1,2,1,3,17,78.18,82.33,0.7642,0.7623,0.0294,0.0048,-9.0,488.65,4.0,2.0,1.0,5.0,5.0,17.941361494583333,0.0,1.0,1.0,17,0,1,0.941,0.29,1.0,0,299.0,0
CUST-42EA3789,2024-01-17,True,SMB,Monthly,Basic,Partner,Logistics,UK,349,0,0,0,2,4,5,6,58.33,52.0,0.4508,0.3667,-4.3429,-0.0732,-7.0,153.83,3.0,0.0,0.0,0.0,0.0,0.0,0.0,0.0,0.0,6,1,2,0.5,11.0,0.8333,1,99.0,1
CUST-C2706DF1,2024-03-25,True,Mid-Market,Annual,Pro,Partner,SaaS,France,281,1,1,1,2,7,2,6,48.67,47.67,0.5362,0.5223,-2.5143,-0.0072,19.0,209.5,3.33,0.0,0.0,0.0,0.0,0.0,0.0,0.0,0.0,6,1,3,0.333,15.33,0.8333,0,299.0,1
CUST-A72063C6,2024-03-26,False,SMB,Annual,Pro,Partner,SaaS,Canada,280,0,1,1,2,7,1,10,41.7,27.33,0.4011,0.2687,-4.7818,-0.0441,-5.0,179.3,2.6,1.0,1.0,5.0,5.0,32.18396868527778,0.0,1.0,1.0,10,0,1,0.9,1.3,1.0,0,299.0,0
CUST-61C85BE7,2022-10-26,False,SMB,Annual,Basic,Paid,Finance,France,797,0,1,0,1,2,2,27,83.96,84.33,0.7585,0.827,0.2045,0.0028,18.0,464.93,4.52,6.0,2.0,3.0,1.0,16.26632989143518,0.0,0.5,3.0,27,1,1,0.926,2.11,0.963,0,99.0,0
CUST-0C4A5D49,2023-10-22,False,SMB,Annual,Pro,Paid,Healthcare,UK,436,0,1,1,1,3,5,15,34.0,30.0,0.3649,0.3513,0.0464,0.0053,-3.0,211.13,2.07,12.0,3.0,1.9166666666666667,1.0,45.56238650009259,0.25,0.5,1.0,15,2,0,0.867,3.2,0.8667,1,299.0,0
CUST-23405103,2023-10-23,False,Mid-Market,Annual,Pro,Referral,Retail,UK,435,1,1,1,3,6,5,15,34.33,37.67,0.3815,0.3397,-0.175,-0.0052,2.0,217.73,2.6,13.0,4.0,2.769230769230769,1.0,47.42782802008547,0.0,0.231,2.0,15,1,1,0.867,4.87,0.9333,0,299.0,0
CUST-B81D258B,2022-09-19,False,Enterprise,Multi-Year,Enterprise,Paid,E-commerce,India,834,2,2,2,1,0,4,28,78.75,79.67,0.7542,0.7747,0.0413,0.0009,-10.0,531.61,4.5,3.0,1.0,4.666666666666667,4.0,17.959097238703702,0.0,0.667,0.0,28,2,0,0.929,2.36,0.9286,0,999.0,0
CUST-05503883,2024-11-01,False,Enterprise,Multi-Year,Enterprise,Paid,Healthcare,France,60,2,2,2,1,3,2,2,34.5,34.5,0.178,0.178,0.0,0.0,3.0,108.5,2.5,1.0,1.0,4.0,4.0,16.655373444722223,0.0,0.0,0.0,2,0,0,1.0,0.0,1.0,0,999.0,0
CUST-A51CFCE2,2023-01-09,False,Mid-Market,Annual,Pro,Referral,Healthcare,Germany,722,1,1,1,3,3,3,24,79.5,75.0,0.7364,0.7653,0.1713,0.0014,5.0,507.58,4.75,3.0,1.0,5.0,5.0,19.988025615185183,0.333,0.0,0.0,24,0,1,0.958,0.46,1.0,0,299.0,0
CUST-5C757D45,2024-05-19,True,Mid-Market,Annual,Pro,Referral,Manufacturing,India,226,1,1,1,3,5,4,5,45.6,39.33,0.4462,0.447,-5.4,0.0063,16.0,153.0,1.8,1.0,1.0,4.0,4.0,16.82032415833333,1.0,0.0,0.0,5,1,1,0.4,10.8,0.4,1,299.0,1
CUST-55509438,2024-02-06,True,Enterprise,Multi-Year,Enterprise,Referral,Logistics,US,329,2,2,2,3,4,6,10,45.2,24.33,0.421,0.212,-4.7758,-0.0538,-4.0,201.1,3.0,1.0,1.0,3.0,3.0,1.0,0.0,0.0,0.0,10,3,1,0.6,13.2,0.7,1,999.0,1
CUST-1FBE46BB,2024-01-30,False,SMB,Multi-Year,Pro,Referral,Manufacturing,Germany,336,0,2,1,3,5,3,12,35.58,40.0,0.4172,0.3983,0.5559,-0.0059,11.0,205.75,2.17,8.0,2.0,2.625,1.0,53.234205642881946,0.0,0.5,2.0,12,1,3,0.667,9.5,0.9167,0,299.0,0
CUST-F2F77351,2024-01-06,True,Mid-Market,Annual,Pro,Organic,SaaS,India,360,1,1,1,0,7,4,10,36.1,44.0,0.3768,0.3393,0.8788,-0.0078,-12.0,152.4,2.4,9.0,5.0,3.111111111111111,1.0,54.19753889799383,0.333,0.444,1.0,10,0,1,0.9,3.0,1.0,0,299.0,1
CUST-7001C4F7,2023-01-24,False,SMB,Monthly,Pro,Organic,Logistics,Germany,707,0,0,1,0,4,3,24,79.88,82.0,0.7274,0.75,0.183,0.0026,-20.0,513.46,4.83,5.0,2.0,4.4,4.0,15.33759853988889,0.4,0.2,0.0,24,0,0,1.0,0.0,1.0,0,299.0,0
CUST-F42BEDC7,2024-11-16,False,Enterprise,Multi-Year,Enterprise,Paid,Manufacturing,India,45,2,2,2,1,5,4,2,41.5,41.5,0.2095,0.2095,0.0,0.0,-31.0,312.5,3.0,1.0,1.0,4.0,4.0,15.634270613055556,0.0,0.0,0.0,2,0,1,0.5,10.0,1.0,0,999.0,0
CUST-407ED525,2023-06-11,False,SMB,Monthly,Basic,Organic,Healthcare,India,569,0,0,0,0,3,4,19,39.0,44.33,0.4231,0.4487,0.1491,-0.0037,23.0,185.89,2.79,18.0,4.0,2.4444444444444446,1.0,44.26899693445987,0.222,0.389,7.0,19,0,4,0.789,3.11,1.0,0,99.0,0
CUST-F269E702,2024-06-05,True,SMB,Monthly,Basic,Organic,Logistics,UK,209,0,0,0,0,4,5,6,64.5,54.33,0.5093,0.4373,-5.8,-0.0454,-3.0,163.17,2.0,0.0,0.0,0.0,0.0,0.0,0.0,0.0,0.0,6,0,0,1.0,0.0,1.0,0,99.0,1
CUST-810070F4,2023-12-16,False,Mid-Market,Monthly,Pro,Partner,E-commerce,France,381,1,0,1,2,0,2,13,76.31,85.33,0.7591,0.768,0.6813,0.0041,21.0,518.23,4.77,2.0,2.0,4.5,4.0,24.702335024305555,0.0,0.0,2.0,13,0,0,1.0,0.0,1.0,0,299.0,0
CUST-8CF1F7B2,2024-01-30,True,SMB,Annual,Basic,Paid,Manufacturing,Canada,336,0,1,0,1,5,1,8,45.0,48.33,0.4635,0.5177,-0.8571,0.0474,31.0,196.12,3.5,4.0,1.0,2.75,1.0,11.330528588055556,0.75,0.0,2.0,8,1,2,0.625,8.5,0.875,1,99.0,1
CUST-CCBD95C0,2023-12-26,False,Enterprise,Multi-Year,Enterprise,Organic,Healthcare,India,371,2,2,2,0,3,4,13,37.85,14.0,0.3582,0.1103,-4.6099,-0.0499,-13.0,186.38,2.46,4.0,2.0,2.75,2.0,20.53746859402778,0.5,0.0,2.0,13,0,1,0.923,1.23,1.0,0,999.0,0
CUST-22B23025,2024-01-10,True,SMB,Annual,Pro,Partner,Education,UK,356,0,1,1,2,1,5,11,43.55,26.67,0.3693,0.2283,-4.8818,-0.0445,8.0,204.09,2.55,2.0,2.0,2.0,1.0,23.407386029166666,0.5,0.5,1.0,11,0,1,0.909,1.27,1.0,0,299.0,1
CUST-38E9B2A8,2023-11-12,True,Mid-Market,Annual,Pro,Paid,Retail,Germany,415,1,1,1,1,6,3,7,40.14,38.33,0.4194,0.3553,-0.5357,-0.032,-2.0,225.86,3.43,5.0,5.0,2.2,1.0,41.28478212238889,0.2,0.4,2.0,7,0,2,0.714,6.0,1.0,0,299.0,1
CUST-FADD53B4,2023-05-14,False,SMB,Annual,Pro,Referral,SaaS,Canada,597,0,1,1,3,7,1,20,76.4,77.33,0.7456,0.6933,-0.0301,-0.0066,4.0,529.8,4.7,5.0,2.0,5.0,5.0,18.03831093,0.0,0.0,2.0,20,0,0,1.0,0.0,1.0,0,299.0,0
CUST-AE7CFB71,2023-10-20,False,SMB,Monthly,Pro,Partner,Finance,France,438,0,0,1,2,2,2,15,79.87,75.67,0.7823,0.8173,-0.4321,0.0047,22.0,512.47,3.87,4.0,1.0,4.25,2.0,18.584699283194443,0.25,0.25,1.0,15,1,1,0.867,3.53,0.9333,1,299.0,0
CUST-72F5DD02,2024-02-29,True,SMB,Annual,Basic,Paid,Retail,Canada,306,0,1,0,1,6,1,11,44.36,14.67,0.3875,0.1797,-6.5818,-0.0446,3.0,287.91,2.45,0.0,0.0,0.0,0.0,0.0,0.0,0.0,0.0,11,0,2,0.818,4.27,1.0,0,99.0,1
CUST-CCE95A7E,2024-05-06,False,SMB,Monthly,Basic,Organic,E-commerce,Germany,239,0,0,0,0,0,3,8,45.75,28.67,0.4118,0.2813,-7.1905,-0.0478,20.0,192.0,2.5,1.0,1.0,4.0,4.0,23.38132549361111,1.0,0.0,0.0,8,1,1,0.75,7.0,0.875,1,99.0,0
CUST-6E219410,2024-02-12,True,Enterprise,Multi-Year,Enterprise,Partner,Manufacturing,Germany,323,2,2,2,2,5,3,7,61.43,65.33,0.4919,0.437,-1.6429,0.0027,-31.0,128.57,2.29,2.0,2.0,3.0,2.0,12.395188830972224,1.0,0.0,0.0,7,0,4,0.286,8.43,0.7143,0,999.0,1
CUST-0512122B,2024-03-20,True,Mid-Market,Monthly,Pro,Paid,Finance,US,286,1,0,1,1,2,6,10,44.2,34.33,0.4116,0.3167,-3.9758,-0.0414,12.0,230.3,3.2,2.0,1.0,3.0,3.0,23.809175094305555,0.0,0.5,1.0,10,0,3,0.7,4.9,1.0,0,299.0,1
CUST-0F937130,2024-05-20,True,Mid-Market,Annual,Enterprise,Organic,Finance,US,225,1,1,2,0,2,6,5,53.2,48.0,0.5034,0.454,-4.2,-0.0631,12.0,143.4,2.4,0.0,0.0,0.0,0.0,0.0,0.0,0.0,0.0,5,0,0,1.0,0.0,1.0,0,999.0,1
CUST-D04F38C9,2024-11-07,True,Mid-Market,Annual,Pro,Organic,Healthcare,US,54,1,1,1,0,3,6,2,21.5,21.5,0.305,0.305,0.0,0.0,-31.0,309.0,2.0,1.0,1.0,5.0,5.0,1.1389453752777778,0.0,0.0,0.0,2,1,0,0.5,11.0,0.5,1,299.0,1
CUST-094A457F,2023-02-26,False,Mid-Market,Annual,Enterprise,Paid,Retail,UK,674,1,1,2,1,6,5,23,75.61,68.0,0.7648,0.813,-0.2144,-0.0009,0.0,510.87,3.96,4.0,1.0,4.0,1.0,11.512215636944445,0.0,0.25,3.0,23,0,3,0.87,1.43,1.0,0,999.0,0
CUST-836F2487,2024-03-16,False,Mid-Market,Monthly,Enterprise,Referral,Education,Canada,290,1,0,2,3,1,1,10,38.9,32.0,0.4069,0.4143,-1.8,-0.0034,33.0,226.7,2.2,9.0,2.0,2.3333333333333335,1.0,50.12948820799383,0.222,0.333,4.0,10,2,0,0.8,8.5,0.8,1,999.0,0
CUST-EA72C8F5,2024-05-19,True,SMB,Monthly,Basic,Referral,Healthcare,Australia,226,0,0,0,3,3,0,5,61.0,59.67,0.509,0.4383,-2.5,-0.0426,3.0,275.6,3.0,0.0,0.0,0.0,0.0,0.0,0.0,0.0,0.0,5,0,2,0.6,7.0,1.0,0,99.0,1
CUST-9B1DB6BD,2023-03-29,False,Enterprise,Multi-Year,Enterprise,Organic,Finance,US,643,2,2,2,0,2,6,22,79.36,80.67,0.755,0.7613,0.07,0.002,-6.0,469.86,4.59,2.0,1.0,4.0,4.0,20.347525559444442,0.0,0.0,1.0,22,0,1,0.955,0.68,1.0,0,999.0,0
CUST-CFC56043,2023-03-28,False,SMB,Monthly,Basic,Organic,Healthcare,UK,644,0,0,0,0,3,5,22,80.32,75.33,0.7335,0.629,-0.0503,-0.0024,-11.0,519.23,4.32,2.0,2.0,5.0,5.0,6.015354982222222,0.5,0.0,1.0,22,0,1,0.955,0.73,1.0,0,99.0,0
CUST-7796D1F1,2024-06-03,False,Mid-Market,Annual,Pro,Referral,Retail,Germany,211,1,1,1,3,6,3,7,39.43,61.0,0.4804,0.4443,9.75,0.0311,-33.0,185.0,3.29,3.0,3.0,2.0,2.0,15.562839556574074,0.667,0.0,0.0,7,1,1,0.714,6.0,0.8571,1,299.0,0
CUST-36D373C3,2024-03-06,False,SMB,Annual,Basic,Partner,SaaS,UK,300,0,1,0,2,7,5,10,31.2,37.67,0.3579,0.378,1.5273,-0.0105,10.0,186.3,2.4,8.0,4.0,2.625,1.0,51.049207529374996,0.0,0.5,5.0,10,1,1,0.8,7.6,0.9,0,99.0,0
CUST-F9FBBE6F,2023-03-31,False,SMB,Annual,Basic,Organic,Logistics,Australia,641,0,1,0,0,4,0,22,81.05,77.67,0.7489,0.7393,0.3202,-0.0014,23.0,502.09,4.09,5.0,2.0,4.4,3.0,22.22154171272222,0.6,0.2,0.0,22,0,1,0.955,0.95,1.0,0,99.0,0
CUST-2841BC71,2024-07-15,True,Mid-Market,Monthly,Pro,Paid,Finance,Germany,169,1,0,1,1,2,3,6,50.67,47.33,0.5533,0.5233,-1.3143,-0.0191,-31.0,174.0,2.67,1.0,1.0,1.0,1.0,15.063928409999999,0.0,0.0,1.0,6,0,3,0.5,13.0,1.0,0,299.0,1
CUST-31D972EE,2024-01-20,False,SMB,Monthly,Pro,Referral,SaaS,India,346,0,0,1,3,7,4,12,77.67,79.33,0.7369,0.7363,1.3986,-0.0038,-9.0,516.25,4.17,4.0,2.0,4.25,4.0,26.663768114513886,0.0,0.5,1.0,12,0,0,1.0,0.0,1.0,0,299.0,0
CUST-7ACED211,2023-09-18,False,Mid-Market,Annual,Pro,Partner,Finance,Australia,470,1,1,1,2,2,0,16,78.38,81.0,0.7976,0.7553,-0.7235,-0.0015,-17.0,477.62,5.12,1.0,1.0,3.0,3.0,28.743378776666667,0.0,0.0,1.0,16,1,0,0.938,2.19,0.9375,1,299.0,0
CUST-5433F571,2024-03-26,True,SMB,Monthly,Basic,Referral,Education,France,280,0,0,0,3,1,2,6,48.83,39.33,0.4173,0.314,-5.4571,-0.0691,-20.0,234.33,2.67,0.0,0.0,0.0,0.0,0.0,0.0,0.0,0.0,6,0,1,0.833,3.0,1.0,0,99.0,1
CUST-861A0F90,2024-02-08,False,Mid-Market,Annual,Pro,Organic,E-commerce,Germany,327,1,1,1,0,0,3,11,41.45,24.33,0.4819,0.3253,-4.7909,-0.0388,-13.0,179.09,2.64,1.0,1.0,2.0,2.0,16.55398461888889,0.0,0.0,1.0,11,0,1,0.909,2.09,1.0,0,299.0,0
CUST-86DBFD10,2023-10-26,False,SMB,Monthly,Basic,Referral,Education,France,432,0,0,0,3,1,2,15,31.8,14.67,0.3305,0.124,-3.3393,-0.0352,27.0,160.13,2.73,1.0,1.0,5.0,5.0,40.29043724527778,0.0,1.0,0.0,15,3,0,0.8,6.2,0.8,1,99.0,0
CUST-17127AE5,2023-12-20,True,SMB,Annual,Basic,Partner,Healthcare,US,377,0,1,0,2,3,6,7,47.14,33.0,0.4709,0.3773,-7.6071,-0.035,-12.0,250.57,2.43,1.0,1.0,5.0,5.0,4.822299554444445,0.0,0.0,1.0,7,0,0,1.0,0.0,1.0,0,99.0,1
CUST-59468E27,2024-03-21,True,Enterprise,Annual,Enterprise,Referral,Logistics,Canada,285,2,1,2,3,4,1,9,46.44,26.33,0.4262,0.256,-6.0,-0.0569,2.0,254.89,2.11,2.0,1.0,3.5,3.0,27.601811075833332,0.0,0.0,0.0,9,0,2,0.778,3.56,1.0,0,999.0,1
CUST-065C86E7,2024-01-18,True,SMB,Annual,Pro,Paid,Retail,UK,348,0,1,1,1,6,5,12,36.58,29.67,0.3903,0.4583,-0.7308,0.004,-11.0,244.92,2.17,9.0,5.0,2.2222222222222223,1.0,46.642381161265426,0.111,0.444,2.0,12,0,1,0.917,0.67,1.0,0,299.0,1
CUST-7A231038,2023-11-08,False,SMB,Monthly,Pro,Organic,Healthcare,Canada,419,0,0,1,0,3,1,14,76.43,77.33,0.7521,0.7483,-0.5187,0.0061,21.0,496.86,4.43,0.0,0.0,0.0,0.0,0.0,0.0,0.0,0.0,14,0,0,1.0,0.0,1.0,0,299.0,0
CUST-266138D9,2024-11-02,False,Mid-Market,Annual,Pro,Organic,Healthcare,US,59,1,1,1,0,3,6,2,18.5,18.5,0.3265,0.3265,0.0,0.0,-21.0,187.0,2.5,0.0,0.0,0.0,0.0,0.0,0.0,0.0,0.0,2,0,0,1.0,0.0,1.0,0,299.0,0
CUST-CB3766AE,2023-07-02,False,Enterprise,Annual,Enterprise,Referral,Education,France,548,2,1,2,3,1,2,18,82.94,91.67,0.7521,0.774,0.3354,0.0016,-13.0,476.5,4.83,1.0,1.0,4.0,4.0,1.0,0.0,0.0,1.0,18,0,0,1.0,0.0,1.0,0,999.0,0
CUST-EB6B4123,2024-04-01,False,SMB,Monthly,Pro,Organic,SaaS,US,274,0,0,1,0,7,6,9,44.78,46.0,0.4753,0.6367,0.8333,0.0354,21.0,218.0,2.56,3.0,1.0,2.3333333333333335,2.0,29.154343807777778,0.667,0.0,0.0,9,2,3,0.444,12.0,0.7778,0,299.0,0
CUST-6D75B410,2023-10-07,False,Mid-Market,Monthly,Enterprise,Organic,Retail,France,451,1,0,2,0,6,2,15,78.47,76.33,0.7114,0.7673,-0.2286,0.0085,6.0,493.6,4.4,0.0,0.0,0.0,0.0,0.0,0.0,0.0,0.0,15,0,1,0.933,1.47,1.0,0,999.0,0
CUST-55519FB8,2023-02-07,False,SMB,Monthly,Pro,Organic,Logistics,Germany,693,0,0,1,0,4,3,23,80.09,81.33,0.7493,0.809,-0.0375,-0.0016,0.0,476.52,4.48,6.0,2.0,4.833333333333333,4.0,16.840213885972222,0.0,0.167,3.0,23,1,3,0.826,4.43,0.9565,0,299.0,0
CUST-28E1FBA7,2023-10-21,True,Enterprise,Annual,Enterprise,Organic,Healthcare,Germany,437,2,1,2,0,3,3,13,31.23,13.0,0.3048,0.123,-4.022,-0.0437,21.0,203.85,2.77,2.0,1.0,2.0,1.0,26.67486972208333,0.5,0.0,0.0,13,2,1,0.769,7.31,0.8462,0,999.0,1
CUST-D0B32E83,2024-05-04,False,Mid-Market,Annual,Enterprise,Organic,SaaS,Germany,241,1,1,2,0,7,3,8,40.75,54.0,0.5345,0.4557,3.5238,-0.0343,-24.0,247.75,2.25,3.0,3.0,3.0,1.0,27.956682438796296,1.0,0.0,0.0,8,0,1,0.75,1.38,0.75,0,999.0,0
CUST-9B1EDA90,2023-02-28,False,SMB,Annual,Basic,Partner,SaaS,India,672,0,1,0,2,7,4,23,78.35,80.33,0.743,0.7243,0.2994,0.0013,5.0,509.65,3.87,4.0,2.0,4.75,4.0,12.971794750972222,0.0,0.5,0.0,23,0,0,1.0,0.0,1.0,0,99.0,0
CUST-060652F6,2023-11-05,True,SMB,Monthly,Basic,Organic,Healthcare,Canada,422,0,0,0,0,3,1,11,34.73,38.0,0.4065,0.384,0.8091,-0.0022,22.0,167.91,2.09,9.0,2.0,2.6666666666666665,1.0,33.193283704382715,0.0,0.444,2.0,11,1,3,0.636,9.09,0.9091,1,99.0,1
CUST-6539DF97,2024-04-12,True,Mid-Market,Annual,Pro,Paid,Finance,Australia,263,1,1,1,1,2,0,7,51.71,39.33,0.5111,0.483,-7.25,-0.0216,-4.0,175.71,2.14,0.0,0.0,0.0,0.0,0.0,0.0,0.0,0.0,7,0,3,0.571,7.29,1.0,0,299.0,1
CUST-F2A6BFF6,2023-04-01,False,SMB,Annual,Pro,Partner,Finance,US,640,0,1,1,2,2,6,21,75.24,74.33,0.7301,0.7477,0.2247,-0.0034,4.0,467.86,4.33,5.0,1.0,4.2,1.0,21.234997187333335,0.0,0.0,1.0,21,1,0,0.952,1.1,0.9524,0,299.0,0
CUST-B4DABEBD,2024-03-05,False,Mid-Market,Monthly,Pro,Organic,Retail,France,301,1,0,1,0,6,2,10,39.5,17.33,0.4325,0.2963,-6.5515,-0.0365,-12.0,193.1,2.3,5.0,4.0,2.6,1.0,13.539567002944443,0.2,0.4,2.0,10,0,0,1.0,0.0,1.0,0,299.0,0
CUST-BED4D107,2024-01-06,True,SMB,Annual,Pro,Referral,Logistics,France,360,0,1,1,3,4,2,10,30.5,27.67,0.381,0.3147,0.3939,-0.0112,19.0,196.1,2.4,8.0,3.0,2.75,1.0,53.69028773881945,0.0,0.625,1.0,10,0,2,0.8,1.7,1.0,0,299.0,1
CUST-60781423,2023-09-28,True,Mid-Market,Monthly,Pro,Paid,Finance,Canada,460,1,0,1,1,2,1,8,80.88,80.33,0.7266,0.713,-0.3452,-0.0048,0.0,486.12,4.62,0.0,0.0,0.0,0.0,0.0,0.0,0.0,0.0,8,0,0,1.0,0.0,1.0,0,299.0,1
CUST-8CF3483E,2024-03-04,True,SMB,Monthly,Pro,Referral,E-commerce,France,302,0,0,1,3,0,2,7,49.57,38.0,0.4404,0.406,-4.3929,-0.0261,2.0,226.57,2.71,2.0,2.0,2.5,2.0,6.970895319444444,0.0,0.5,1.0,7,0,0,1.0,0.0,1.0,0,299.0,1
CUST-DF2EAFF9,2024-10-24,False,Enterprise,Annual,Enterprise,Referral,Retail,US,68,2,1,2,3,6,6,3,30.33,30.33,0.3537,0.3537,-9.5,0.038,0.0,342.0,2.67,0.0,0.0,0.0,0.0,0.0,0.0,0.0,0.0,3,0,1,0.667,9.0,1.0,0,999.0,0
CUST-9562F66A,2023-10-28,False,Mid-Market,Annual,Pro,Paid,Retail,Germany,430,1,1,1,1,6,3,15,29.4,11.0,0.3357,0.131,-4.7786,-0.0406,-14.0,238.0,2.87,0.0,0.0,0.0,0.0,0.0,0.0,0.0,0.0,15,0,1,0.933,1.8,1.0,0,299.0,0
CUST-0AE042F1,2023-10-08,False,Enterprise,Multi-Year,Enterprise,Paid,Finance,Canada,450,2,2,2,1,2,1,15,34.47,38.33,0.397,0.4687,-0.0429,0.0027,17.0,203.4,3.4,13.0,4.0,2.3846153846153846,1.0,38.20839603538462,0.077,0.462,4.0,15,0,3,0.8,2.13,1.0,0,999.0,0
CUST-2E9CCD86,2023-08-26,False,SMB,Monthly,Basic,Organic,Education,India,493,0,0,0,0,1,4,17,28.35,4.67,0.3341,0.1567,-3.8873,-0.0381,0.0,178.53,3.06,1.0,1.0,5.0,5.0,23.200022806666666,0.0,0.0,1.0,17,0,2,0.882,2.76,1.0,0,99.0,0
CUST-F4D3C8A4,2023-09-27,False,Mid-Market,Annual,Pro,Paid,Logistics,US,461,1,1,1,1,4,6,16,80.12,76.67,0.7436,0.636,-0.4353,-0.0169,24.0,508.25,4.25,2.0,1.0,4.5,4.0,14.803961685833332,0.0,0.5,0.0,16,0,1,0.938,0.81,1.0,0,299.0,0
CUST-EFDE724F,2023-12-19,True,SMB,Annual,Basic,Partner,Retail,India,378,0,1,0,2,6,4,9,45.33,18.0,0.4359,0.3177,-7.3167,-0.0377,18.0,228.78,2.33,0.0,0.0,0.0,0.0,0.0,0.0,0.0,0.0,9,1,2,0.667,7.11,0.8889,0,99.0,1
CUST-6B38A8D8,2023-04-08,False,Mid-Market,Annual,Enterprise,Organic,SaaS,India,633,1,1,2,0,7,4,21,81.1,82.67,0.7527,0.7047,0.4675,-0.0005,-1.0,449.76,5.14,5.0,1.0,4.6,3.0,21.676428292555556,0.2,0.0,1.0,21,0,2,0.905,1.19,1.0,0,999.0,0
CUST-60F618A1,2023-08-22,False,Enterprise,Multi-Year,Enterprise,Referral,Education,Germany,497,2,2,2,3,1,3,17,30.71,10.33,0.3239,0.203,-4.0343,-0.0324,-14.0,185.47,2.29,0.0,0.0,0.0,0.0,0.0,0.0,0.0,0.0,17,0,4,0.765,2.53,1.0,0,999.0,0
CUST-93071879,2024-05-18,True,Mid-Market,Annual,Pro,Referral,SaaS,US,227,1,1,1,3,7,6,8,49.0,36.67,0.4758,0.432,-4.5238,-0.021,-5.0,222.62,2.5,0.0,0.0,0.0,0.0,0.0,0.0,0.0,0.0,8,1,1,0.75,5.88,0.875,0,299.0,1
CUST-787A46C4,2023-10-10,False,SMB,Monthly,Pro,Organic,E-commerce,UK,448,0,0,1,0,0,5,15,81.0,82.0,0.7433,0.7873,-0.3536,0.0097,4.0,489.53,4.4,1.0,1.0,4.0,4.0,4.589534854166667,0.0,0.0,0.0,15,1,0,0.933,1.07,0.9333,0,299.0,0
CUST-5FF5F0E9,2024-04-29,False,Enterprise,Multi-Year,Enterprise,Partner,Healthcare,Germany,246,2,2,2,2,3,3,9,43.67,26.67,0.4232,0.2687,-4.3167,-0.0544,-4.0,192.44,2.22,0.0,0.0,0.0,0.0,0.0,0.0,0.0,0.0,9,1,0,0.889,3.56,0.8889,1,999.0,0
CUST-1EED11AA,2024-05-28,False,SMB,Monthly,Pro,Referral,Manufacturing,India,217,0,0,1,3,5,4,8,83.38,89.67,0.7606,0.8137,0.8929,0.0164,-16.0,503.25,4.25,1.0,1.0,4.0,4.0,12.008776073055555,0.0,1.0,0.0,8,1,0,0.875,6.25,0.875,0,299.0,0
CUST-6CD65E76,2023-08-14,False,SMB,Monthly,Basic,Organic,Retail,US,505,0,0,0,0,6,6,17,82.06,85.0,0.7326,0.7577,0.625,-0.0019,21.0,503.18,5.0,6.0,1.0,4.5,4.0,19.389266515416665,0.0,0.167,0.0,17,1,1,0.882,3.88,0.9412,1,99.0,0
CUST-71FA4B65,2024-05-14,True,SMB,Monthly,Pro,Organic,Logistics,US,231,0,0,1,0,4,6,8,49.5,37.33,0.4439,0.3623,-5.5714,-0.027,-6.0,178.62,2.62,1.0,1.0,4.0,4.0,12.717537050277778,0.0,1.0,0.0,8,0,1,0.875,0.62,1.0,0,299.0,1
CUST-FBDB2964,2024-02-22,True,SMB,Annual,Basic,Referral,Education,Canada,313,0,1,0,3,1,1,9,43.44,27.67,0.4441,0.315,-5.6833,-0.0465,-11.0,142.89,2.22,0.0,0.0,0.0,0.0,0.0,0.0,0.0,0.0,9,0,2,0.778,3.33,1.0,0,99.0,1
CUST-E5370F1F,2023-03-11,True,SMB,Annual,Basic,Organic,E-commerce,UK,661,0,1,0,0,0,5,17,77.76,74.33,0.7632,0.7453,-0.0613,0.0005,-7.0,545.35,4.29,2.0,1.0,4.5,4.0,24.65863043125,0.0,0.0,0.0,17,0,1,0.941,0.59,1.0,0,99.0,1
CUST-E3F084EA,2023-12-07,False,SMB,Annual,Basic,Partner,Education,US,390,0,1,0,2,1,6,13,49.23,27.33,0.5403,0.638,-0.8242,0.025,-50.0,166.23,1.85,3.0,3.0,2.6666666666666665,1.0,16.006398936944446,1.0,0.0,0.0,13,1,2,0.769,7.23,0.9231,0,99.0,0
CUST-5A0796B8,2024-10-15,False,Enterprise,Multi-Year,Enterprise,Referral,Logistics,UK,77,2,2,2,3,4,5,3,21.0,21.0,0.3937,0.3937,-8.5,-0.048,-25.0,342.33,2.33,1.0,1.0,2.0,2.0,27.399325711388887,0.0,0.0,1.0,3,0,0,1.0,0.0,1.0,0,999.0,0
CUST-C1BF8086,2023-08-23,False,Mid-Market,Annual,Enterprise,Organic,Healthcare,France,496,1,1,2,0,3,2,17,83.53,86.33,0.7708,0.7623,0.7377,0.0029,-16.0,479.71,4.59,1.0,1.0,1.0,1.0,18.176574451666667,0.0,0.0,0.0,17,0,0,1.0,0.0,1.0,0,999.0,0
CUST-D918CD3A,2024-11-18,False,Enterprise,Annual,Enterprise,Paid,Finance,UK,43,2,1,2,1,2,5,2,28.5,28.5,0.128,0.128,0.0,0.0,27.0,187.0,3.0,1.0,1.0,3.0,3.0,6.605427554444445,0.0,0.0,0.0,2,0,1,0.5,15.0,1.0,0,999.0,0
CUST-E4F26D2C,2023-02-12,False,Mid-Market,Monthly,Enterprise,Referral,Manufacturing,UK,688,1,0,2,3,5,5,23,81.3,80.33,0.7616,0.772,0.0632,0.0016,20.0,483.96,4.39,6.0,1.0,4.5,4.0,13.812045910972223,0.0,0.167,3.0,23,0,0,1.0,0.0,1.0,0,999.0,0
CUST-42DA8B6A,2024-11-25,False,SMB,Monthly,Basic,Partner,Manufacturing,Canada,36,0,0,0,2,5,1,2,21.5,21.5,0.324,0.324,0.0,0.0,11.0,157.5,3.5,0.0,0.0,0.0,0.0,0.0,0.0,0.0,0.0,2,0,2,0.0,8.5,1.0,0,99.0,0
CUST-1C59B601,2024-09-30,True,Mid-Market,Annual,Pro,Organic,Healthcare,UK,92,1,1,1,0,3,5,4,25.5,26.67,0.3308,0.2853,3.2,-0.0777,10.0,209.75,3.25,0.0,0.0,0.0,0.0,0.0,0.0,0.0,0.0,4,0,3,0.25,11.25,1.0,0,299.0,1
CUST-4687CEC7,2024-10-11,False,SMB,Monthly,Basic,Referral,Education,Canada,81,0,0,0,3,1,1,3,28.0,28.0,0.2803,0.2803,11.0,0.11,29.0,150.67,3.33,2.0,2.0,4.5,4.0,7.566261687638889,0.0,0.0,0.0,3,0,1,0.667,8.67,1.0,0,99.0,0
CUST-5614721A,2024-04-18,True,SMB,Monthly,Basic,Organic,Education,Australia,257,0,0,0,0,1,0,9,46.56,29.33,0.4006,0.281,-6.3833,-0.0344,7.0,193.56,2.78,2.0,1.0,4.0,3.0,17.53421977986111,0.5,0.0,0.0,9,1,0,0.889,4.22,0.8889,0,99.0,1
CUST-975BC2BA,2024-08-08,False,Mid-Market,Monthly,Pro,Organic,Retail,Canada,145,1,0,1,0,6,1,5,55.6,49.67,0.562,0.5587,-3.0,-0.0164,1.0,179.6,3.2,0.0,0.0,0.0,0.0,0.0,0.0,0.0,0.0,5,0,0,1.0,0.0,1.0,0,299.0,0
CUST-2824CB41,2023-11-06,False,SMB,Annual,Pro,Paid,E-commerce,India,421,0,1,1,1,0,4,14,32.29,12.0,0.3238,0.181,-4.2945,-0.0355,16.0,211.29,2.71,1.0,1.0,1.0,1.0,18.04489631222222,0.0,0.0,0.0,14,1,5,0.571,8.93,0.9286,1,299.0,0
CUST-3CDE040E,2023-06-01,False,SMB,Annual,Basic,Paid,E-commerce,Germany,579,0,1,0,1,0,3,19,80.32,82.33,0.7181,0.7773,-0.3579,0.0004,-27.0,540.32,4.47,1.0,1.0,5.0,5.0,16.22340180861111,0.0,1.0,0.0,19,0,3,0.842,2.47,1.0,0,99.0,0
CUST-B8245EB7,2023-11-16,False,SMB,Monthly,Basic,Paid,SaaS,Canada,411,0,0,0,1,7,1,14,34.93,17.0,0.337,0.1213,-3.2462,-0.0424,-19.0,216.71,3.21,2.0,1.0,3.0,2.0,21.585649919305556,0.5,0.0,0.0,14,0,3,0.786,3.57,1.0,0,99.0,0
CUST-DEBCA085,2024-02-22,False,SMB,Annual,Basic,Paid,SaaS,Australia,313,0,1,0,1,7,0,11,80.27,91.33,0.7148,0.721,2.5091,0.0035,9.0,527.0,4.18,1.0,1.0,5.0,5.0,24.658243740833335,0.0,0.0,1.0,11,0,2,0.818,5.36,1.0,0,99.0,0
CUST-67F9B39E,2023-08-27,False,Mid-Market,Monthly,Pro,Referral,Finance,Canada,492,1,0,1,3,2,1,17,77.88,74.0,0.7544,0.8073,0.1127,0.0065,7.0,501.24,4.35,4.0,2.0,4.75,4.0,29.80545604895833,0.5,0.0,0.0,17,0,0,1.0,0.0,1.0,0,299.0,0
CUST-6DED9440,2024-03-06,True,Enterprise,Multi-Year,Enterprise,Partner,Retail,UK,300,2,2,2,2,6,5,8,46.88,44.33,0.4362,0.3747,-2.1548,-0.0434,15.0,182.88,2.25,3.0,3.0,2.3333333333333335,1.0,14.950719257037036,0.0,0.333,0.0,8,0,2,0.75,3.75,1.0,0,999.0,1
CUST-356ECDB3,2024-04-22,True,Mid-Market,Annual,Enterprise,Referral,E-commerce,Canada,253,1,1,2,3,0,1,8,47.75,37.0,0.4719,0.3403,-1.5238,-0.0507,21.0,242.25,1.62,2.0,2.0,2.5,1.0,12.686328231944444,1.0,0.0,0.0,8,0,0,1.0,0.0,1.0,0,999.0,1
CUST-C7305CA9,2023-08-01,True,Enterprise,Multi-Year,Enterprise,Referral,Finance,India,518,2,2,2,3,2,4,17,80.0,70.0,0.7526,0.7713,-0.8603,-0.0046,-18.0,486.24,4.29,4.0,1.0,3.75,2.0,16.184431428819444,0.5,0.0,0.0,17,0,1,0.941,0.47,1.0,0,999.0,1
CUST-55FA7CEA,2024-03-10,True,SMB,Monthly,Basic,Paid,SaaS,France,296,0,0,0,1,7,2,10,62.6,70.33,0.3853,0.533,1.9758,0.0368,-40.0,217.0,2.3,2.0,1.0,3.5,3.0,28.854634795694448,1.0,0.0,0.0,10,2,3,0.5,9.7,0.8,0,99.0,1
CUST-C1116836,2023-11-20,False,SMB,Multi-Year,Pro,Referral,Education,Germany,407,0,2,1,3,1,3,14,79.36,78.33,0.7444,0.7467,0.0857,-0.0026,-2.0,493.5,4.5,0.0,0.0,0.0,0.0,0.0,0.0,0.0,0.0,14,0,0,1.0,0.0,1.0,0,299.0,0
CUST-584B6365,2024-03-19,True,Mid-Market,Annual,Pro,Referral,Retail,US,287,1,1,1,3,6,6,7,52.86,51.0,0.4149,0.232,-1.0,-0.0852,-2.0,215.57,2.57,0.0,0.0,0.0,0.0,0.0,0.0,0.0,0.0,7,0,2,0.714,7.14,1.0,0,299.0,1
CUST-065B44D8,2023-04-20,False,SMB,Multi-Year,Pro,Referral,Manufacturing,France,621,0,2,1,3,5,2,21,76.29,74.0,0.7571,0.8143,0.2442,0.0002,9.0,506.43,4.95,2.0,2.0,2.5,2.0,29.991596963888888,0.0,0.0,1.0,21,0,0,1.0,0.0,1.0,0,299.0,0
CUST-932CFA34,2024-03-18,False,Mid-Market,Monthly,Pro,Partner,SaaS,UK,288,1,0,1,2,7,5,10,62.1,49.0,0.4728,0.3753,-1.2424,-0.0109,-33.0,184.9,2.1,3.0,1.0,4.333333333333333,3.0,14.316573229722222,0.667,0.0,1.0,10,2,3,0.5,11.3,0.8,1,299.0,0
CUST-752B17FC,2024-03-03,False,Mid-Market,Annual,Enterprise,Partner,Education,Canada,303,1,1,2,2,1,1,10,44.1,60.67,0.452,0.4477,4.0061,0.0231,50.0,137.4,2.7,3.0,2.0,3.3333333333333335,2.0,9.659695898425925,1.0,0.0,2.0,10,1,2,0.7,8.0,0.9,0,999.0,0
CUST-CBC150CF,2024-06-16,True,Mid-Market,Annual,Enterprise,Referral,Logistics,India,198,1,1,2,3,4,4,7,47.71,41.0,0.4997,0.405,-1.4286,-0.0501,-13.0,133.71,2.43,1.0,1.0,2.0,2.0,9.482474954166666,1.0,0.0,1.0,7,0,2,0.714,6.86,1.0,0,999.0,1
CUST-E431EE0E,2024-07-23,False,Mid-Market,Annual,Pro,Paid,Logistics,US,161,1,1,1,1,4,6,6,60.17,48.67,0.5078,0.462,-6.3143,-0.0064,2.0,165.67,1.83,0.0,0.0,0.0,0.0,0.0,0.0,0.0,0.0,6,0,0,1.0,0.0,1.0,0,299.0,0
CUST-A4791923,2023-09-04,False,Mid-Market,Multi-Year,Enterprise,Paid,E-commerce,Canada,484,1,2,2,1,0,1,16,31.44,33.33,0.3884,0.447,0.125,0.0059,7.0,171.94,2.44,15.0,4.0,2.6666666666666665,1.0,46.46353150905556,0.267,0.267,7.0,16,2,4,0.625,11.0,0.875,1,999.0,0
CUST-5DD356C2,2024-02-06,False,SMB,Annual,Basic,Partner,Manufacturing,Canada,329,0,1,0,2,5,1,11,38.73,17.67,0.3934,0.1517,-5.3091,-0.0531,-24.0,210.64,2.0,4.0,3.0,4.0,2.0,21.491008760625,0.25,0.5,0.0,11,0,1,0.909,2.45,1.0,0,99.0,0
CUST-0D7BC894,2024-04-04,False,Enterprise,Multi-Year,Enterprise,Partner,E-commerce,Australia,271,2,2,2,2,0,0,9,35.33,34.67,0.3909,0.4333,-0.5,0.009,-12.0,176.22,2.56,7.0,3.0,2.142857142857143,1.0,39.38014672075396,0.0,0.429,2.0,9,2,2,0.556,10.89,0.7778,0,999.0,0
CUST-0FF87F42,2023-08-07,False,Enterprise,Annual,Enterprise,Organic,Education,Canada,512,2,1,2,0,1,1,17,32.47,38.0,0.4135,0.377,-0.4951,-0.006,-1.0,164.53,2.76,11.0,2.0,2.6363636363636362,1.0,53.626066678712114,0.0,0.455,1.0,17,0,7,0.588,5.35,1.0,0,999.0,0
CUST-1392FEF2,2024-01-04,True,SMB,Monthly,Pro,Referral,Healthcare,Germany,362,0,0,1,3,3,3,7,31.14,30.67,0.378,0.3693,-0.1071,-0.0051,-14.0,215.57,2.57,6.0,4.0,2.5,1.0,42.284883805,0.0,0.333,4.0,7,0,2,0.714,5.57,1.0,0,299.0,1
CUST-8C9718C7,2023-09-15,True,SMB,Multi-Year,Basic,Partner,SaaS,US,473,0,2,0,2,7,6,9,34.22,27.33,0.4014,0.3563,-1.2333,-0.0138,-5.0,182.67,2.44,6.0,4.0,2.3333333333333335,1.0,56.8094637163426,0.0,0.833,1.0,9,0,1,0.889,2.0,1.0,0,99.0,1
CUST-974E80DA,2023-04-29,False,SMB,Annual,Basic,Paid,E-commerce,France,612,0,1,0,1,0,2,21,82.1,79.33,0.7207,0.6677,-0.1896,0.0004,-8.0,499.38,4.86,1.0,1.0,5.0,5.0,13.436831699722223,1.0,0.0,0.0,21,1,0,0.952,1.33,0.9524,1,99.0,0
CUST-D4BBF253,2023-11-23,False,SMB,Multi-Year,Basic,Referral,Finance,US,404,0,2,0,3,2,6,14,45.29,53.33,0.5329,0.4787,0.9099,-0.0034,-1.0,223.57,3.21,7.0,1.0,3.0,1.0,24.126688937817466,0.429,0.143,3.0,14,1,2,0.786,3.57,0.9286,0,99.0,0
CUST-A0FCEAE8,2024-10-01,False,Mid-Market,Annual,Pro,Paid,Finance,US,91,1,1,1,1,2,6,3,9.67,9.67,0.3273,0.3273,1.0,-0.0495,11.0,265.0,1.0,2.0,2.0,3.5,3.0,17.948759889722222,0.0,0.0,0.0,3,0,0,1.0,0.0,1.0,0,299.0,0
CUST-079829F6,2024-05-14,True,SMB,Monthly,Basic,Referral,SaaS,France,231,0,0,0,3,7,2,5,33.2,35.67,0.5454,0.7077,7.4,0.1085,58.0,185.2,3.2,1.0,1.0,3.0,3.0,20.002864414722225,0.0,0.0,0.0,5,2,1,0.4,15.2,0.6,1,99.0,1
CUST-5C2615C0,2024-10-15,False,Mid-Market,Annual,Pro,Referral,Healthcare,India,77,1,1,1,3,3,4,3,28.67,28.67,0.3237,0.3237,0.5,-0.0965,-18.0,225.0,1.67,1.0,1.0,1.0,1.0,26.98667391777778,0.0,0.0,0.0,3,0,0,1.0,0.0,1.0,0,299.0,0
CUST-6729555B,2024-10-21,False,Mid-Market,Monthly,Enterprise,Organic,Education,France,71,1,0,2,0,1,2,3,22.67,22.67,0.1947,0.1947,-2.0,-0.018,5.0,166.67,2.67,1.0,1.0,4.0,4.0,16.04164136388889,0.0,0.0,0.0,3,0,0,1.0,0.0,1.0,0,999.0,0
CUST-0B8005CF,2022-09-07,False,SMB,Annual,Basic,Referral,E-commerce,UK,846,0,1,0,3,0,5,28,78.18,75.0,0.729,0.758,-0.1409,-0.0025,-36.0,537.14,4.75,3.0,1.0,5.0,5.0,23.93552699509259,0.0,0.667,1.0,28,0,0,1.0,0.0,1.0,0,99.0,0
CUST-6890701B,2024-04-27,False,SMB,Annual,Pro,Organic,SaaS,Australia,248,0,1,1,0,7,0,9,33.78,38.0,0.4559,0.523,0.6333,0.0166,3.0,208.11,2.89,5.0,3.0,2.6,1.0,50.81408029105556,0.0,0.4,2.0,9,0,2,0.778,3.11,1.0,0,299.0,0
CUST-333AED1F,2024-03-05,False,SMB,Annual,Basic,Referral,E-commerce,Germany,301,0,1,0,3,0,3,10,48.0,43.0,0.5491,0.6373,0.3758,0.0063,-60.0,210.2,2.7,6.0,2.0,3.0,2.0,14.436260062037036,0.667,0.0,0.0,10,4,4,0.2,17.6,0.6,2,99.0,0
CUST-D639183C,2023-12-02,True,Mid-Market,Annual,Pro,Paid,Manufacturing,India,395,1,1,1,1,5,4,12,40.25,18.33,0.325,0.1353,-4.6958,-0.0419,-15.0,189.58,2.67,1.0,1.0,3.0,3.0,10.68398133888889,0.0,0.0,0.0,12,0,2,0.833,3.0,1.0,0,299.0,1
CUST-3E0ABFD0,2024-08-12,False,Mid-Market,Annual,Pro,Partner,E-commerce,France,141,1,1,1,2,0,2,5,58.6,58.0,0.5032,0.5083,-0.4,-0.0339,-6.0,224.2,3.4,2.0,2.0,2.5,2.0,19.28005758847222,0.0,0.0,2.0,5,0,1,0.8,5.4,1.0,0,299.0,0
CUST-556B1FB5,2023-12-10,False,SMB,Monthly,Basic,Referral,Education,India,387,0,0,0,3,1,4,13,82.92,81.33,0.7865,0.739,-0.5275,-0.0018,-9.0,522.08,4.31,4.0,1.0,4.75,4.0,18.162192458055554,0.5,0.0,1.0,13,0,0,1.0,0.0,1.0,0,99.0,0
CUST-0B14F609,2024-05-13,False,Enterprise,Multi-Year,Enterprise,Paid,Retail,Germany,232,2,2,2,1,6,3,8,73.62,72.33,0.7289,0.7407,0.7738,-0.0009,6.0,494.75,4.25,3.0,1.0,4.333333333333333,3.0,20.68962402546296,1.0,0.0,1.0,8,0,1,0.875,0.62,1.0,0,999.0,0
CUST-373A6EC6,2023-06-29,False,Enterprise,Multi-Year,Enterprise,Paid,Logistics,India,551,2,2,2,1,4,4,19,75.58,80.0,0.7506,0.7637,0.2263,0.0008,-10.0,490.63,4.95,7.0,2.0,4.857142857142857,4.0,21.29025880313492,0.0,0.571,2.0,19,0,1,0.947,0.42,1.0,0,999.0,0
CUST-2664B34C,2024-10-20,False,SMB,Annual,Pro,Partner,Finance,India,72,0,1,1,2,2,4,3,29.0,29.0,0.3107,0.3107,7.5,0.0015,15.0,246.67,4.33,1.0,1.0,3.0,3.0,23.396118986666664,0.0,0.0,0.0,3,0,0,1.0,0.0,1.0,0,299.0,0
CUST-8FF17E1D,2024-10-05,True,SMB,Monthly,Basic,Referral,Retail,Canada,87,0,0,0,3,6,1,3,22.67,22.67,0.3047,0.3047,19.5,-0.0275,13.0,228.0,1.33,2.0,2.0,3.5,2.0,26.775765125555555,0.0,0.0,1.0,3,0,0,1.0,0.0,1.0,0,99.0,1
CUST-F24AB443,2024-02-29,True,Enterprise,Multi-Year,Enterprise,Referral,Retail,UK,306,2,2,2,3,6,5,6,47.67,32.67,0.486,0.377,-9.4286,-0.0833,3.0,194.5,2.33,0.0,0.0,0.0,0.0,0.0,0.0,0.0,0.0,6,0,0,1.0,0.0,1.0,0,999.0,1
CUST-1F31B42B,2023-07-29,False,SMB,Annual,Basic,Organic,Healthcare,Canada,521,0,1,0,0,3,1,18,33.5,33.33,0.4024,0.387,0.2982,0.0031,1.0,220.94,2.94,16.0,6.0,2.375,1.0,57.03875363300347,0.0,0.375,4.0,18,0,1,0.944,1.67,1.0,0,99.0,0
CUST-67C6A01A,2024-07-09,False,SMB,Monthly,Pro,Paid,Education,France,175,0,0,1,1,1,2,6,54.0,49.67,0.5478,0.492,-3.9429,-0.0428,-9.0,148.83,3.17,0.0,0.0,0.0,0.0,0.0,0.0,0.0,0.0,6,0,2,0.667,6.67,1.0,0,299.0,0
CUST-A04FA653,2024-03-13,False,SMB,Annual,Basic,Partner,Logistics,Germany,293,0,1,0,2,4,3,10,83.3,78.33,0.772,0.753,-1.6424,-0.0117,-2.0,422.0,4.5,2.0,2.0,4.5,4.0,12.031667775138889,0.5,0.0,0.0,10,0,0,1.0,0.0,1.0,0,99.0,0
CUST-82E2D04C,2023-05-21,False,SMB,Monthly,Pro,Partner,Healthcare,France,590,0,0,1,2,3,2,20,79.5,79.67,0.7537,0.79,0.1865,-0.0027,-5.0,481.25,4.15,2.0,2.0,2.5,1.0,17.229360141388888,0.0,0.0,1.0,20,1,1,0.9,3.65,0.95,0,299.0,0
CUST-9BEA5028,2024-10-26,True,SMB,Monthly,Basic,Referral,Finance,India,66,0,0,0,3,2,4,3,22.33,22.33,0.233,0.233,-11.5,0.004,-26.0,195.0,1.67,0.0,0.0,0.0,0.0,0.0,0.0,0.0,0.0,3,0,0,1.0,0.0,1.0,0,99.0,1
CUST-FBAD43DB,2024-03-09,False,Mid-Market,Annual,Enterprise,Partner,Retail,Germany,297,1,1,2,2,6,3,10,41.0,26.0,0.368,0.1283,-4.1333,-0.0564,-2.0,228.2,2.7,4.0,1.0,3.5,3.0,12.62405840527778,0.0,0.25,0.0,10,0,4,0.6,7.8,1.0,0,999.0,0
CUST-CDAAA99C,2024-05-18,False,Enterprise,Multi-Year,Enterprise,Partner,Healthcare,US,227,2,2,2,2,3,6,8,73.75,75.0,0.7291,0.7667,0.5476,0.0006,30.0,490.75,5.62,0.0,0.0,0.0,0.0,0.0,0.0,0.0,0.0,8,0,2,0.75,2.75,1.0,0,999.0,0
CUST-42E3DC36,2024-01-26,False,SMB,Monthly,Basic,Paid,SaaS,Canada,340,0,0,0,1,7,1,12,35.5,34.67,0.3636,0.302,-0.0769,-0.0093,8.0,261.0,3.42,6.0,5.0,3.5,2.0,40.842131618287034,0.167,0.5,3.0,12,0,3,0.75,3.08,1.0,0,99.0,0
CUST-BFF6F3A1,2024-08-01,True,SMB,Annual,Basic,Partner,Logistics,France,152,0,1,0,2,4,2,3,58.0,58.0,0.603,0.603,29.0,-0.028,14.0,244.33,2.33,0.0,0.0,0.0,0.0,0.0,0.0,0.0,0.0,3,0,2,0.333,5.67,1.0,0,99.0,1
CUST-76E0583D,2024-01-06,False,Mid-Market,Monthly,Pro,Organic,SaaS,US,360,1,0,1,0,7,6,12,35.17,16.67,0.3426,0.1447,-3.7483,-0.0463,1.0,198.83,2.58,1.0,1.0,3.0,3.0,2.2108843455555554,0.0,0.0,0.0,12,1,3,0.667,9.58,0.9167,0,299.0,0
CUST-597074CE,2023-12-09,False,Mid-Market,Annual,Pro,Referral,Logistics,India,388,1,1,1,3,4,4,13,29.77,34.0,0.4265,0.433,0.0,0.0013,-3.0,173.0,2.23,8.0,2.0,2.5,1.0,42.77731403777778,0.25,0.375,0.0,13,1,5,0.538,9.46,0.9231,0,299.0,0
CUST-0917E9EE,2024-05-30,True,SMB,Annual,Basic,Partner,Retail,India,215,0,1,0,2,6,4,6,48.0,41.0,0.4465,0.324,-4.1714,-0.0738,-8.0,258.83,3.0,2.0,2.0,4.5,4.0,28.038789729583332,0.5,0.5,0.0,6,0,1,0.833,3.33,1.0,0,99.0,1
CUST-B888F18E,2023-08-12,False,SMB,Monthly,Pro,Referral,Manufacturing,France,507,0,0,1,3,5,2,17,74.88,72.0,0.7569,0.8033,-0.2745,0.0029,18.0,460.65,4.0,5.0,3.0,4.0,1.0,13.462573019944443,0.0,0.4,1.0,17,0,0,1.0,0.0,1.0,0,299.0,0
CUST-F5C6659B,2024-05-07,True,SMB,Annual,Pro,Paid,Manufacturing,US,238,0,1,1,1,5,6,5,31.4,29.67,0.3992,0.418,-3.0,0.0376,-8.0,146.2,1.8,4.0,4.0,2.75,1.0,59.30476968090278,0.0,0.5,1.0,5,0,2,0.6,8.6,1.0,0,299.0,1
CUST-73E36C1E,2023-05-23,False,SMB,Monthly,Pro,Organic,Retail,India,588,0,0,1,0,6,4,20,80.6,78.0,0.7416,0.697,-0.1203,0.0002,10.0,497.9,4.5,0.0,0.0,0.0,0.0,0.0,0.0,0.0,0.0,20,1,1,0.9,3.85,0.95,0,299.0,0
CUST-55D15065,2023-10-08,True,SMB,Monthly,Basic,Organic,SaaS,Germany,450,0,0,0,0,7,3,9,32.22,30.33,0.395,0.4327,-0.0,0.0178,-7.0,181.44,2.89,6.0,2.0,2.1666666666666665,1.0,50.378199261944445,0.0,0.333,0.0,9,1,0,0.889,2.44,0.8889,0,99.0,1
CUST-43D671D7,2024-07-08,True,Enterprise,Multi-Year,Enterprise,Paid,Healthcare,UK,176,2,2,2,1,3,5,5,63.0,74.33,0.5646,0.4993,11.0,-0.0875,-8.0,203.8,2.8,2.0,2.0,1.5,1.0,9.010792173472222,0.5,0.5,1.0,5,1,1,0.6,12.4,0.8,1,999.0,1
CUST-2C5F82EA,2023-02-10,False,Mid-Market,Annual,Enterprise,Referral,Finance,Germany,690,1,1,2,3,2,3,23,80.78,81.0,0.7717,0.7537,-0.2717,-0.0002,4.0,497.17,5.0,5.0,2.0,4.8,4.0,18.490042648666666,0.0,0.0,2.0,23,0,0,1.0,0.0,1.0,0,999.0,0
CUST-AFECC6DA,2024-04-23,True,Mid-Market,Monthly,Pro,Referral,Manufacturing,India,252,1,0,1,3,5,4,7,43.86,33.33,0.5426,0.498,-5.1429,-0.0228,-11.0,187.71,1.14,0.0,0.0,0.0,0.0,0.0,0.0,0.0,0.0,7,0,1,0.857,2.57,1.0,0,299.0,1
CUST-681B1568,2024-04-09,False,Mid-Market,Monthly,Pro,Paid,Retail,Canada,266,1,0,1,1,6,1,9,31.33,27.33,0.3516,0.3833,-2.1667,0.0113,8.0,155.22,2.22,5.0,2.0,4.0,1.0,41.02350608877778,0.0,0.4,2.0,9,0,1,0.889,2.89,1.0,0,299.0,0
CUST-EBF37787,2024-11-03,False,Enterprise,Multi-Year,Enterprise,Organic,Retail,India,58,2,2,2,0,6,4,2,30.0,30.0,0.351,0.351,0.0,0.0,-26.0,146.5,3.0,1.0,1.0,2.0,2.0,18.508210233055554,1.0,0.0,0.0,2,0,0,1.0,0.0,1.0,0,999.0,0
CUST-D055C025,2024-05-04,False,Mid-Market,Multi-Year,Enterprise,Partner,Manufacturing,India,241,1,2,2,2,5,4,8,34.0,30.67,0.415,0.4347,-0.9048,0.0097,2.0,184.12,3.25,7.0,3.0,1.8571428571428572,1.0,50.09722959313491,0.0,0.429,2.0,8,0,1,0.875,2.62,1.0,0,999.0,0
CUST-A06BBEDC,2024-03-15,False,SMB,Monthly,Pro,Paid,Manufacturing,UK,291,0,0,1,1,5,5,10,33.3,36.33,0.366,0.3383,1.1697,-0.0099,18.0,189.5,2.2,8.0,2.0,2.375,1.0,44.83536931760417,0.125,0.5,0.0,10,0,2,0.8,5.3,1.0,0,299.0,0
CUST-55995729,2024-11-23,False,SMB,Monthly,Pro,Referral,SaaS,UK,38,0,0,1,3,7,5,2,28.0,28.0,0.2295,0.2295,0.0,0.0,10.0,126.0,3.5,1.0,1.0,4.0,4.0,23.098384367222224,0.0,0.0,0.0,2,0,0,1.0,0.0,1.0,0,299.0,0
CUST-17ED1B13,2023-06-24,True,Mid-Market,Annual,Pro,Organic,Manufacturing,France,556,1,1,1,0,5,2,18,35.0,32.67,0.4079,0.3703,0.0516,-0.0031,-18.0,178.0,2.0,15.0,6.0,2.2666666666666666,1.0,44.63642591027778,0.133,0.4,3.0,18,0,1,0.944,1.33,1.0,0,299.0,1
CUST-506CA94D,2024-11-01,False,Enterprise,Multi-Year,Enterprise,Organic,SaaS,Canada,60,2,2,2,0,7,1,2,27.5,27.5,0.261,0.261,0.0,0.0,11.0,213.0,2.5,1.0,1.0,3.0,3.0,16.465514475555555,0.0,0.0,0.0,2,0,0,1.0,0.0,1.0,0,999.0,0
CUST-316423A0,2024-03-30,True,Enterprise,Multi-Year,Enterprise,Paid,Retail,India,276,2,2,2,1,6,4,9,34.67,29.67,0.3842,0.4063,-1.3833,0.0192,-24.0,158.67,2.22,5.0,2.0,2.4,1.0,19.47438812033333,0.4,0.2,0.0,9,1,0,0.889,3.78,0.8889,0,999.0,1
CUST-F52C521A,2023-12-25,False,SMB,Monthly,Pro,Organic,Healthcare,UK,372,0,0,1,0,3,5,13,31.92,31.0,0.3875,0.4497,-0.2637,0.0071,6.0,213.23,2.31,10.0,6.0,2.2,1.0,40.80735049222223,0.1,0.3,2.0,13,0,1,0.923,0.69,1.0,0,299.0,0
CUST-D7949AD9,2024-03-17,True,SMB,Monthly,Basic,Paid,Logistics,Canada,289,0,0,0,1,4,1,9,39.78,27.33,0.4318,0.3117,-4.1333,-0.0396,-11.0,201.33,2.44,2.0,1.0,3.0,3.0,13.255411074444446,0.0,0.0,1.0,9,0,1,0.889,0.89,1.0,0,99.0,1
CUST-93413DD2,2023-06-20,False,Mid-Market,Annual,Pro,Partner,Manufacturing,France,560,1,1,1,2,5,2,19,82.58,81.33,0.7844,0.8327,0.2965,0.0041,5.0,477.79,4.42,4.0,2.0,4.75,4.0,11.03419102284722,0.25,0.0,2.0,19,0,0,1.0,0.0,1.0,0,299.0,0
CUST-C680BB88,2023-11-13,False,SMB,Annual,Basic,Paid,E-commerce,UK,414,0,1,0,1,0,5,14,36.79,37.33,0.3815,0.4283,-0.1473,0.0046,14.0,232.36,2.71,9.0,4.0,2.888888888888889,1.0,41.28743937895061,0.0,0.222,2.0,14,1,4,0.643,6.57,0.9286,0,99.0,0
CUST-0F4A536C,2023-12-29,True,SMB,Monthly,Basic,Paid,Manufacturing,Canada,368,0,0,0,1,5,1,7,46.14,42.33,0.4617,0.323,-2.8929,-0.0848,6.0,274.71,2.57,1.0,1.0,2.0,2.0,17.8935689975,0.0,1.0,0.0,7,1,1,0.714,6.71,0.8571,1,99.0,1
CUST-1C9566D6,2024-11-11,False,SMB,Monthly,Pro,Organic,SaaS,India,50,0,0,1,0,7,4,2,15.0,15.0,0.2445,0.2445,0.0,0.0,24.0,217.5,2.0,0.0,0.0,0.0,0.0,0.0,0.0,0.0,0.0,2,0,0,1.0,0.0,1.0,0,299.0,0
CUST-967A1064,2024-06-08,True,Mid-Market,Annual,Enterprise,Partner,Retail,India,206,1,1,2,2,6,4,7,53.57,62.0,0.5654,0.553,6.6429,-0.0131,23.0,280.29,2.14,1.0,1.0,5.0,5.0,5.267571274722222,0.0,1.0,1.0,7,2,2,0.429,9.43,0.7143,1,999.0,1
CUST-96B0A4B5,2024-11-06,False,SMB,Monthly,Basic,Partner,Retail,Australia,55,0,0,0,2,6,0,2,27.5,27.5,0.432,0.432,0.0,0.0,-3.0,99.5,2.0,0.0,0.0,0.0,0.0,0.0,0.0,0.0,0.0,2,0,1,0.5,9.5,1.0,0,99.0,0
CUST-0362EEAE,2024-09-30,True,SMB,Monthly,Basic,Organic,SaaS,France,92,0,0,0,0,7,2,4,54.25,51.0,0.5047,0.489,-6.7,-0.0641,-10.0,135.25,2.25,1.0,1.0,2.0,2.0,22.190810125555558,0.0,0.0,0.0,4,0,0,1.0,0.0,1.0,0,99.0,1
CUST-8A6A6456,2024-02-08,False,SMB,Annual,Pro,Organic,Education,UK,327,0,1,1,0,1,5,11,82.82,79.67,0.7318,0.7473,-1.1273,0.002,19.0,541.73,4.27,1.0,1.0,3.0,3.0,36.83724055333333,1.0,0.0,0.0,11,0,2,0.818,1.64,1.0,0,299.0,0
CUST-75EDA094,2023-08-26,True,SMB,Monthly,Basic,Organic,Manufacturing,France,493,0,0,0,0,5,2,15,33.07,34.33,0.4167,0.4227,-0.3,0.0051,-9.0,191.13,3.0,10.0,2.0,2.0,1.0,51.03431089241666,0.1,0.7,0.0,15,0,1,0.933,2.0,1.0,0,99.0,1
CUST-EEA564ED,2023-12-24,True,SMB,Annual,Basic,Organic,Education,US,373,0,1,0,0,1,6,8,59.0,47.33,0.4589,0.6533,-4.2143,0.0262,-4.0,201.25,2.62,4.0,3.0,2.75,2.0,21.395378680069445,0.75,0.0,0.0,8,2,2,0.5,12.62,0.75,1,99.0,1
CUST-EB941A36,2024-03-29,False,Mid-Market,Annual,Pro,Referral,E-commerce,India,277,1,1,1,3,0,4,10,44.7,20.0,0.4474,0.3237,-7.4121,-0.0324,-8.0,237.7,2.6,1.0,1.0,2.0,2.0,7.357802993333333,0.0,0.0,0.0,10,1,2,0.7,6.8,0.9,0,299.0,0
CUST-4E7EBF00,2024-10-22,True,SMB,Annual,Basic,Partner,SaaS,Germany,70,0,1,0,2,7,3,3,28.33,28.33,0.326,0.326,5.0,-0.0745,-5.0,219.67,3.67,0.0,0.0,0.0,0.0,0.0,0.0,0.0,0.0,3,0,0,1.0,0.0,1.0,0,99.0,1
CUST-B2218A6D,2023-03-16,False,Mid-Market,Annual,Enterprise,Referral,Healthcare,Canada,656,1,1,2,3,3,1,22,81.64,85.67,0.7728,0.8087,0.1513,0.0046,26.0,506.77,4.82,4.0,2.0,5.0,5.0,16.644907744513887,0.25,0.25,1.0,22,0,2,0.909,1.59,1.0,0,999.0,0
CUST-C323D971,2023-09-08,False,Mid-Market,Annual,Pro,Organic,Healthcare,US,480,1,1,1,0,3,6,16,39.19,44.33,0.4748,0.3023,1.1544,-0.0133,79.0,190.56,2.25,4.0,1.0,3.25,2.0,11.557027266875,1.0,0.0,2.0,16,3,3,0.562,13.56,0.6875,1,299.0,0
CUST-C9EFB5E9,2022-10-22,False,SMB,Monthly,Basic,Paid,Retail,UK,801,0,0,0,1,6,5,27,77.48,74.33,0.7651,0.745,0.1136,0.0001,9.0,539.33,4.07,4.0,1.0,3.75,1.0,21.043721126041667,0.25,0.5,1.0,27,0,0,1.0,0.0,1.0,0,99.0,0
CUST-6665C9B9,2024-03-18,False,Mid-Market,Monthly,Pro,Paid,Manufacturing,France,288,1,0,1,1,5,2,10,43.2,25.67,0.383,0.2867,-4.9818,-0.0434,1.0,245.2,2.2,0.0,0.0,0.0,0.0,0.0,0.0,0.0,0.0,10,1,2,0.7,5.4,0.9,0,299.0,0
CUST-65CE342D,2023-10-30,False,Mid-Market,Monthly,Enterprise,Organic,Logistics,Australia,428,1,0,2,0,4,0,15,74.07,76.0,0.7493,0.6977,0.3321,-0.0029,-1.0,468.8,5.2,3.0,2.0,3.3333333333333335,2.0,13.446690088425925,0.0,0.667,0.0,15,0,1,0.933,2.0,1.0,0,999.0,0
CUST-45E9C35D,2024-02-25,False,SMB,Annual,Basic,Paid,Retail,Canada,310,0,1,0,1,6,1,11,79.55,86.33,0.7841,0.731,1.2,-0.0086,5.0,513.36,4.64,3.0,2.0,3.6666666666666665,1.0,10.60524243462963,0.0,0.0,1.0,11,0,1,0.909,2.73,1.0,0,99.0,0
CUST-7E88E169,2024-04-10,True,SMB,Monthly,Basic,Paid,Manufacturing,Canada,265,0,0,0,1,5,1,7,35.43,45.33,0.5237,0.5387,2.1786,0.0082,19.0,240.57,2.29,2.0,2.0,4.0,4.0,18.16917829736111,1.0,0.0,0.0,7,0,4,0.286,6.57,0.7143,0,99.0,1
CUST-6D994DEE,2024-06-21,True,SMB,Monthly,Pro,Referral,Education,India,193,0,0,1,3,1,4,5,47.0,42.0,0.4458,0.4183,3.3,-0.0326,6.0,243.4,3.4,1.0,1.0,4.0,4.0,20.85143650111111,1.0,0.0,0.0,5,0,1,0.8,4.0,1.0,0,299.0,1
CUST-839255DB,2024-06-14,True,Enterprise,Annual,Enterprise,Partner,Manufacturing,Canada,200,2,1,2,2,5,1,7,34.71,33.67,0.3939,0.4163,0.2857,0.0228,-5.0,204.57,2.43,4.0,2.0,2.75,2.0,45.941539285972226,0.0,0.75,1.0,7,0,1,0.857,1.29,1.0,0,999.0,1
CUST-8215FA9F,2024-06-13,True,Mid-Market,Annual,Pro,Referral,Finance,Australia,201,1,1,1,3,2,0,6,58.0,63.0,0.5582,0.5013,4.3429,-0.0517,29.0,235.0,2.0,1.0,1.0,5.0,5.0,16.23321713777778,1.0,0.0,0.0,6,2,1,0.5,19.0,0.6667,1,299.0,1
CUST-ED051587,2024-05-09,False,Mid-Market,Annual,Enterprise,Partner,SaaS,India,236,1,1,2,2,7,4,8,34.75,27.67,0.3692,0.445,-2.0476,0.0308,15.0,219.12,2.75,5.0,5.0,3.6,2.0,57.558578189944434,0.0,0.6,2.0,8,3,1,0.5,17.62,0.625,1,999.0,0
CUST-037309A7,2023-07-23,True,SMB,Annual,Basic,Referral,Healthcare,India,527,0,1,0,3,3,4,9,27.0,25.33,0.3727,0.391,-0.1667,-0.0013,-14.0,190.56,3.67,3.0,1.0,2.6666666666666665,2.0,68.00247003833333,0.0,0.333,1.0,9,1,0,0.889,2.89,0.8889,0,99.0,1
CUST-144CAA7E,2023-12-18,False,Mid-Market,Annual,Pro,Partner,E-commerce,Australia,379,1,1,1,2,0,0,13,32.85,11.67,0.3258,0.056,-4.8736,-0.044,3.0,183.31,2.08,4.0,2.0,2.5,1.0,19.287272626041663,0.0,0.75,0.0,13,1,1,0.846,5.0,0.9231,0,299.0,0
CUST-3B1D5C96,2024-03-07,True,Mid-Market,Annual,Pro,Paid,Healthcare,UK,299,1,1,1,1,3,5,7,50.0,37.0,0.5261,0.509,-7.1071,-0.0298,-6.0,170.86,3.29,2.0,2.0,4.5,4.0,14.386021572222221,0.0,0.5,0.0,7,0,0,1.0,0.0,1.0,0,299.0,1
CUST-BA29E483,2023-08-14,False,SMB,Monthly,Basic,Referral,Manufacturing,US,505,0,0,0,3,5,6,17,35.82,36.0,0.3961,0.3313,-0.0049,-0.0039,-4.0,211.59,2.59,14.0,3.0,2.0,1.0,55.598351354662704,0.143,0.357,4.0,17,0,5,0.706,5.88,1.0,0,99.0,0
CUST-3FD2AD0B,2023-04-28,False,Mid-Market,Annual,Pro,Organic,SaaS,Germany,613,1,1,1,0,7,3,21,80.19,79.33,0.75,0.7743,-0.0623,-0.0002,-13.0,506.57,4.71,3.0,2.0,3.3333333333333335,1.0,9.459713331388889,0.0,0.0,1.0,21,1,1,0.905,2.14,0.9524,0,299.0,0
CUST-B6CB54F2,2024-11-17,True,Mid-Market,Monthly,Enterprise,Partner,Healthcare,Australia,44,1,0,2,2,3,0,2,15.5,15.5,0.23,0.23,0.0,0.0,11.0,234.0,2.5,1.0,1.0,5.0,5.0,10.40514965,0.0,0.0,1.0,2,0,0,1.0,0.0,1.0,0,999.0,1
CUST-07C16640,2024-01-02,True,Mid-Market,Annual,Enterprise,Referral,Education,Australia,364,1,1,2,3,1,0,11,44.91,57.67,0.4178,0.2503,1.9091,-0.038,-32.0,196.73,3.36,2.0,1.0,3.0,2.0,15.765899596527778,1.0,0.0,0.0,11,3,3,0.455,17.09,0.7273,1,999.0,1
CUST-EFA5BAF7,2023-11-21,True,Enterprise,Monthly,Enterprise,Paid,Logistics,UK,406,2,0,2,1,4,5,13,35.38,30.67,0.3776,0.4427,-0.2637,0.0021,17.0,200.54,3.38,10.0,4.0,2.3,1.0,49.31551500341667,0.0,0.5,5.0,13,2,0,0.846,3.38,0.8462,1,999.0,1
CUST-2BEE26AE,2023-11-14,False,SMB,Monthly,Basic,Paid,E-commerce,Australia,413,0,0,0,1,0,0,14,78.57,75.67,0.7479,0.8023,-0.0791,0.0066,-17.0,502.07,4.29,2.0,1.0,5.0,5.0,18.461788246666668,0.0,0.0,1.0,14,0,1,0.929,1.14,1.0,0,99.0,0
CUST-DAE1351A,2024-03-24,True,Mid-Market,Annual,Pro,Organic,Education,India,282,1,1,1,0,1,4,6,45.67,36.67,0.454,0.3167,-5.3143,-0.0801,13.0,129.33,2.5,1.0,1.0,2.0,2.0,24.686551611666665,0.0,0.0,0.0,6,0,0,1.0,0.0,1.0,0,299.0,1
CUST-EE5F696B,2023-10-16,False,Mid-Market,Monthly,Pro,Organic,Healthcare,Australia,442,1,0,1,0,3,0,15,80.67,79.0,0.7455,0.7937,-0.6036,-0.0002,-1.0,492.8,5.07,3.0,1.0,4.666666666666667,4.0,14.47869532861111,0.333,0.0,2.0,15,1,0,0.933,3.67,0.9333,0,299.0,0
CUST-A1FAAA41,2024-01-15,False,Mid-Market,Annual,Enterprise,Referral,SaaS,India,351,1,1,2,3,7,4,12,80.58,77.67,0.7147,0.6557,-0.5629,-0.0029,-7.0,469.25,3.5,2.0,2.0,5.0,5.0,7.2173356725,0.0,0.0,1.0,12,0,0,1.0,0.0,1.0,0,999.0,0
CUST-C06845F5,2024-10-16,True,Enterprise,Annual,Enterprise,Paid,Education,France,76,2,1,2,1,1,2,3,18.0,18.0,0.3253,0.3253,12.5,-0.013,2.0,169.33,2.67,2.0,2.0,4.5,4.0,24.35358981361111,0.0,0.0,0.0,3,0,0,1.0,0.0,1.0,0,999.0,1
CUST-60DE8B3C,2023-06-30,False,SMB,Annual,Basic,Partner,Retail,India,550,0,1,0,2,6,4,19,35.42,40.0,0.4002,0.432,-0.1702,0.001,15.0,160.37,2.58,16.0,5.0,2.25,1.0,41.88874311131944,0.188,0.5,4.0,19,0,3,0.842,3.26,1.0,0,99.0,0
CUST-C0823F86,2024-08-08,True,SMB,Monthly,Basic,Paid,Education,Australia,145,0,0,0,1,1,0,4,58.75,52.0,0.4202,0.5077,-17.7,0.2313,3.0,140.0,2.25,1.0,1.0,3.0,3.0,21.62367575388889,1.0,0.0,1.0,4,1,2,0.25,15.5,0.75,1,99.0,1
CUST-CAB0E5AB,2024-03-14,True,SMB,Annual,Basic,Partner,E-commerce,US,292,0,1,0,2,0,6,10,40.4,44.67,0.5615,0.6097,-0.8848,0.0044,28.0,163.5,1.9,3.0,3.0,3.6666666666666665,3.0,14.19340199351852,0.667,0.333,1.0,10,1,2,0.7,4.9,0.9,1,99.0,1
CUST-8CED5C55,2024-06-13,False,Mid-Market,Monthly,Enterprise,Partner,Education,India,201,1,0,2,2,1,4,7,44.71,53.33,0.4639,0.3957,2.6786,-0.0468,-32.0,156.43,1.86,3.0,2.0,3.6666666666666665,3.0,27.1459063512963,1.0,0.0,0.0,7,1,4,0.286,17.86,0.8571,1,999.0,0
CUST-F6C9FDC7,2024-04-19,True,SMB,Annual,Pro,Organic,Retail,Germany,256,0,1,1,0,6,3,9,44.89,32.33,0.4243,0.285,-4.35,-0.0446,1.0,138.56,3.11,0.0,0.0,0.0,0.0,0.0,0.0,0.0,0.0,9,0,0,1.0,0.0,1.0,0,299.0,1
CUST-BEB132FE,2024-04-29,True,SMB,Annual,Basic,Organic,SaaS,UK,246,0,1,0,0,7,5,7,48.71,39.0,0.5236,0.47,-4.6071,-0.0333,-4.0,184.86,3.0,0.0,0.0,0.0,0.0,0.0,0.0,0.0,0.0,7,1,1,0.714,6.14,0.8571,1,99.0,1
CUST-D7154EA4,2024-06-29,True,Mid-Market,Annual,Pro,Paid,E-commerce,Canada,185,1,1,1,1,0,1,4,33.5,36.0,0.587,0.5843,-1.8,0.0176,-18.0,169.0,2.0,0.0,0.0,0.0,0.0,0.0,0.0,0.0,0.0,4,2,0,0.5,21.5,0.5,1,299.0,1
CUST-B929122E,2024-03-02,True,SMB,Monthly,Basic,Paid,Education,India,304,0,0,0,1,1,4,7,51.0,33.33,0.4501,0.366,-7.25,-0.042,10.0,256.0,1.57,0.0,0.0,0.0,0.0,0.0,0.0,0.0,0.0,7,1,1,0.714,12.29,0.8571,0,99.0,1
CUST-636D0605,2024-05-20,False,SMB,Monthly,Basic,Referral,Manufacturing,Canada,225,0,0,0,3,5,1,8,51.5,42.0,0.4478,0.297,-4.4048,-0.0448,10.0,185.25,2.5,0.0,0.0,0.0,0.0,0.0,0.0,0.0,0.0,8,0,3,0.625,7.38,1.0,0,99.0,0
CUST-CE0C9EBE,2023-12-19,True,SMB,Monthly,Pro,Paid,E-commerce,UK,378,0,0,1,1,0,5,7,34.57,32.0,0.3847,0.401,-0.8214,0.0012,9.0,217.57,2.14,5.0,5.0,3.2,2.0,50.94085934244443,0.0,0.2,1.0,7,1,0,0.857,7.86,0.8571,0,299.0,1
CUST-7733D6A4,2024-03-11,False,Mid-Market,Annual,Pro,Partner,Healthcare,US,295,1,1,1,2,3,6,10,35.1,19.0,0.4128,0.261,-4.0545,-0.0523,12.0,188.3,2.7,2.0,1.0,4.5,4.0,31.397573555833333,0.0,0.5,1.0,10,0,2,0.8,5.3,1.0,0,299.0,0
CUST-18A5CBE5,2024-11-06,True,SMB,Annual,Basic,Referral,Finance,Canada,55,0,1,0,3,2,1,2,30.0,30.0,0.398,0.398,0.0,0.0,-2.0,147.5,2.5,0.0,0.0,0.0,0.0,0.0,0.0,0.0,0.0,2,0,0,1.0,0.0,1.0,0,99.0,1
CUST-F89BD6E2,2023-10-22,True,Mid-Market,Annual,Enterprise,Paid,SaaS,Australia,436,1,1,2,1,7,0,13,83.08,82.33,0.7432,0.7743,-0.022,0.0118,-3.0,489.31,4.46,2.0,2.0,4.0,3.0,15.709544476805554,0.5,0.5,1.0,13,1,1,0.846,5.31,0.9231,0,999.0,1
CUST-C2BAEF94,2024-06-08,True,Enterprise,Multi-Year,Enterprise,Paid,SaaS,UK,206,2,2,2,1,7,5,4,58.0,56.67,0.4315,0.4027,-15.6,-0.0886,-10.0,140.5,3.5,1.0,1.0,2.0,2.0,5.419890103055556,0.0,1.0,0.0,4,0,1,0.75,5.25,1.0,0,999.0,1
CUST-CAF4F007,2024-02-29,False,SMB,Annual,Pro,Partner,Manufacturing,US,306,0,1,1,2,5,6,11,41.0,31.0,0.5501,0.3383,-2.1273,-0.0388,-37.0,190.64,2.91,4.0,2.0,3.75,3.0,25.197999728055557,1.0,0.0,1.0,11,1,4,0.545,12.64,0.9091,1,299.0,0
CUST-EAE66F8B,2024-01-21,True,Mid-Market,Annual,Pro,Referral,Manufacturing,US,345,1,1,1,3,5,6,11,37.36,28.0,0.378,0.187,-4.0364,-0.0487,-7.0,280.55,2.73,2.0,2.0,4.0,3.0,21.70070095986111,0.0,1.0,0.0,11,0,1,0.909,0.45,1.0,0,299.0,1
CUST-AB03BC3F,2024-06-02,False,SMB,Multi-Year,Basic,Referral,SaaS,Germany,212,0,2,0,3,7,3,7,47.86,38.33,0.4566,0.345,-5.2143,-0.0635,-10.0,207.71,3.0,0.0,0.0,0.0,0.0,0.0,0.0,0.0,0.0,7,0,1,0.857,2.14,1.0,0,99.0,0
CUST-5E36AFD5,2023-04-24,False,Mid-Market,Annual,Pro,Referral,Manufacturing,US,617,1,1,1,3,5,6,21,79.33,77.67,0.7509,0.7043,-0.3351,-0.0,-17.0,511.57,4.52,1.0,1.0,5.0,5.0,10.190566520555555,0.0,0.0,1.0,21,0,1,0.952,0.62,1.0,0,299.0,0
CUST-BCD0C9A2,2024-02-29,False,Mid-Market,Annual,Enterprise,Partner,Logistics,France,306,1,1,2,2,4,2,11,44.82,23.0,0.5273,0.5547,-2.1182,-0.0064,8.0,224.82,3.64,2.0,2.0,2.5,2.0,26.147030510416663,1.0,0.0,1.0,11,5,1,0.455,22.36,0.5455,2,999.0,0
CUST-8DBFC096,2024-07-10,False,SMB,Monthly,Basic,Paid,Finance,France,174,0,0,0,1,2,2,6,34.67,33.67,0.4715,0.5107,-0.2286,0.0211,2.0,183.33,2.0,2.0,2.0,2.0,1.0,29.145543307500002,0.0,1.0,0.0,6,0,0,1.0,0.0,1.0,0,99.0,0
CUST-5D3D056F,2023-11-20,True,Mid-Market,Annual,Pro,Partner,E-commerce,Canada,407,1,1,1,2,0,1,9,32.78,28.0,0.39,0.393,-0.6333,0.0025,-12.0,170.78,2.33,7.0,3.0,2.0,1.0,42.07227775515873,0.143,0.0,1.0,9,0,2,0.778,4.67,1.0,0,299.0,1
CUST-C3162D92,2024-06-14,False,SMB,Annual,Basic,Referral,Finance,Canada,200,0,1,0,3,2,1,7,37.14,36.0,0.481,0.3807,0.1071,-0.0337,2.0,175.86,2.0,1.0,1.0,5.0,5.0,13.902163225,1.0,0.0,0.0,7,1,3,0.429,14.71,0.8571,0,99.0,0
CUST-7A957F8C,2023-01-29,False,Enterprise,Annual,Enterprise,Paid,Finance,India,702,2,1,2,1,2,4,24,79.75,79.0,0.7347,0.7247,-0.1243,0.0026,10.0,525.75,5.08,3.0,2.0,4.666666666666667,4.0,25.033552439537036,0.0,0.0,1.0,24,0,1,0.958,0.54,1.0,0,999.0,0
CUST-F74C9D65,2024-04-06,False,SMB,Monthly,Basic,Paid,Retail,Australia,269,0,0,0,1,6,0,9,36.0,31.0,0.3827,0.3757,-0.9333,-0.0126,5.0,202.44,2.67,4.0,1.0,2.0,1.0,55.55870736534722,0.0,0.5,1.0,9,1,0,0.889,2.78,0.8889,1,99.0,0
CUST-0B6C7194,2024-07-24,True,Enterprise,Annual,Enterprise,Partner,SaaS,US,160,2,1,2,2,7,6,4,38.0,39.33,0.377,0.3617,3.2,-0.0158,6.0,214.75,3.25,0.0,0.0,0.0,0.0,0.0,0.0,0.0,0.0,4,1,1,0.5,14.75,0.75,1,999.0,1
CUST-603DA514,2024-07-31,True,SMB,Multi-Year,Pro,Paid,Education,Canada,153,0,2,1,1,1,1,6,60.0,52.67,0.4538,0.4037,-5.0857,-0.0128,-24.0,197.17,2.67,0.0,0.0,0.0,0.0,0.0,0.0,0.0,0.0,6,0,1,0.833,3.5,1.0,0,299.0,1
CUST-C179D9FA,2024-01-11,True,SMB,Monthly,Basic,Partner,Healthcare,Germany,355,0,0,0,2,3,3,10,35.8,33.67,0.402,0.3767,0.0242,-0.006,10.0,209.4,2.6,9.0,3.0,1.4444444444444444,1.0,60.64052354567902,0.0,0.556,0.0,10,0,0,1.0,0.0,1.0,0,99.0,1
CUST-6E80A4FF,2024-10-28,False,SMB,Annual,Basic,Organic,Education,UK,64,0,1,0,0,1,5,3,27.33,27.33,0.27,0.27,-2.0,-0.1045,6.0,170.0,1.0,2.0,2.0,1.5,1.0,13.239662835138887,0.0,0.0,1.0,3,1,1,0.333,17.0,0.6667,1,99.0,0
CUST-9FED3927,2024-05-27,False,SMB,Monthly,Basic,Referral,Retail,Germany,218,0,0,0,3,6,3,8,50.62,38.67,0.3541,0.2037,-5.1071,-0.0551,1.0,209.12,2.75,2.0,1.0,2.5,1.0,29.299063234305557,0.0,0.0,0.0,8,1,0,0.875,5.62,0.875,1,99.0,0
CUST-448CC8D5,2023-01-17,False,SMB,Annual,Basic,Partner,Manufacturing,Germany,714,0,1,0,2,5,3,24,80.92,87.33,0.7738,0.8217,-0.0591,0.0006,-31.0,508.42,4.0,5.0,2.0,4.4,3.0,21.460920100333333,0.0,0.2,2.0,24,0,2,0.917,1.67,1.0,0,99.0,0
CUST-C2097152,2024-03-06,False,Mid-Market,Monthly,Pro,Partner,Finance,Canada,300,1,0,1,2,2,1,10,70.1,74.67,0.7216,0.7017,-0.4061,-0.0012,-6.0,484.6,5.2,0.0,0.0,0.0,0.0,0.0,0.0,0.0,0.0,10,0,0,1.0,0.0,1.0,0,299.0,0
CUST-8CBC697B,2024-01-23,True,SMB,Annual,Basic,Referral,Healthcare,Germany,343,0,1,0,3,3,3,12,37.08,36.33,0.4326,0.3277,0.0944,-0.0118,-1.0,184.92,3.08,10.0,2.0,2.0,1.0,57.8899965868611,0.1,0.1,3.0,12,1,2,0.75,9.08,0.9167,0,99.0,1
CUST-0115B976,2024-05-23,True,SMB,Monthly,Basic,Organic,Logistics,Canada,222,0,0,0,0,4,1,4,35.25,34.67,0.4088,0.3957,-3.3,0.0097,-16.0,129.0,2.0,2.0,2.0,2.5,2.0,58.07932471263889,0.0,0.0,2.0,4,0,1,0.75,4.0,1.0,0,99.0,1
CUST-7D190B16,2024-05-04,True,Mid-Market,Multi-Year,Pro,Organic,Education,US,241,1,2,1,0,1,6,7,47.0,39.33,0.486,0.395,-3.4286,-0.0434,-1.0,233.14,2.43,0.0,0.0,0.0,0.0,0.0,0.0,0.0,0.0,7,0,0,1.0,0.0,1.0,0,299.0,1
CUST-AA65778E,2024-03-02,False,Mid-Market,Annual,Pro,Referral,Healthcare,Australia,304,1,1,1,3,3,0,10,50.9,39.33,0.4197,0.2997,-1.9939,-0.0382,-7.0,196.7,2.8,1.0,1.0,3.0,3.0,25.159928975833335,0.0,0.0,0.0,10,0,1,0.9,1.0,1.0,0,299.0,0
CUST-059A154F,2024-05-23,False,SMB,Annual,Pro,Partner,Manufacturing,Germany,222,0,1,1,2,5,3,8,49.5,41.67,0.5478,0.3377,-4.1667,-0.0703,6.0,195.0,1.75,0.0,0.0,0.0,0.0,0.0,0.0,0.0,0.0,8,1,0,0.875,4.62,0.875,1,299.0,0
CUST-60C1EA5B,2024-05-24,True,Mid-Market,Annual,Pro,Organic,Education,Australia,221,1,1,1,0,1,0,6,54.17,58.67,0.4675,0.3023,5.7429,-0.0668,-31.0,210.0,2.5,3.0,3.0,2.6666666666666665,1.0,26.29474449453704,0.667,0.0,0.0,6,1,0,0.833,4.0,0.8333,1,299.0,1
CUST-FFB205D8,2022-11-11,False,SMB,Annual,Pro,Referral,Education,Australia,781,0,1,1,3,1,0,26,80.58,80.0,0.7637,0.7533,-0.1911,0.0006,3.0,469.62,4.92,4.0,1.0,3.75,3.0,14.644135299722222,0.0,0.0,2.0,26,0,4,0.846,3.35,1.0,0,299.0,0
CUST-2A0CCCFD,2024-03-17,False,Enterprise,Multi-Year,Enterprise,Partner,Logistics,Australia,289,2,2,2,2,4,0,10,32.1,26.0,0.4055,0.4087,-0.9515,-0.0058,13.0,269.5,2.4,7.0,3.0,1.8571428571428572,1.0,57.56719761964286,0.429,0.286,2.0,10,0,2,0.8,4.9,1.0,0,999.0,0
CUST-39466E24,2022-12-12,False,SMB,Monthly,Basic,Paid,E-commerce,India,750,0,0,0,1,0,4,25,79.48,77.67,0.7308,0.743,-0.0531,-0.0,5.0,488.04,4.36,2.0,1.0,4.5,4.0,18.27572239111111,0.0,0.5,0.0,25,0,2,0.92,1.6,1.0,0,99.0,0
CUST-9A678E0F,2023-12-01,False,SMB,Annual,Basic,Organic,Education,US,396,0,1,0,0,1,6,13,76.77,80.0,0.7541,0.795,1.2363,0.0089,10.0,467.23,4.23,1.0,1.0,4.0,4.0,21.5072128525,0.0,0.0,0.0,13,1,0,0.923,2.31,0.9231,0,99.0,0
CUST-774A4ADD,2023-02-05,False,SMB,Annual,Basic,Referral,Finance,UK,695,0,1,0,3,2,5,23,82.7,82.67,0.7885,0.8107,-0.2688,-0.0043,-2.0,476.35,5.0,4.0,2.0,4.5,3.0,15.067538602222221,0.25,0.0,1.0,23,0,1,0.957,0.87,1.0,0,99.0,0
CUST-6DB8DA20,2023-10-29,True,SMB,Monthly,Pro,Partner,Logistics,France,429,0,0,1,2,4,2,10,42.5,26.33,0.415,0.195,-4.2242,-0.0526,-22.0,162.3,2.6,1.0,1.0,3.0,3.0,17.019990777500002,1.0,0.0,1.0,10,1,0,0.9,1.7,0.9,1,299.0,1
CUST-AE8E03D6,2024-12-01,False,SMB,Monthly,Pro,Partner,Healthcare,India,30,0,0,1,2,3,4,1,24.0,24.0,0.2,0.2,0.0,0.0,0.0,218.0,2.0,0.0,0.0,0.0,0.0,0.0,0.0,0.0,0.0,1,0,0,1.0,0.0,1.0,0,299.0,0
CUST-FC8EF6BC,2024-06-24,False,Mid-Market,Annual,Pro,Partner,Retail,Canada,190,1,1,1,2,6,1,7,59.43,49.0,0.479,0.3327,-4.1429,-0.0551,-37.0,154.86,2.71,2.0,1.0,4.5,4.0,10.871723874444445,1.0,0.0,1.0,7,1,2,0.571,8.0,0.8571,1,299.0,0
CUST-7BFFB93D,2024-01-15,False,SMB,Monthly,Basic,Organic,SaaS,Canada,351,0,0,0,0,7,1,12,37.92,13.33,0.3466,0.1143,-6.6049,-0.041,-5.0,204.92,3.17,3.0,2.0,3.6666666666666665,3.0,15.267469834351852,0.333,0.333,1.0,12,0,2,0.833,1.17,1.0,0,99.0,0
CUST-137CDC47,2024-03-25,False,SMB,Monthly,Basic,Partner,Logistics,India,281,0,0,0,2,4,4,10,39.8,16.67,0.413,0.3297,-4.7273,-0.0308,-4.0,184.8,2.5,3.0,1.0,2.6666666666666665,1.0,25.531840652962966,0.0,0.0,2.0,10,1,2,0.7,10.3,0.9,0,99.0,0
CUST-6EA53046,2023-03-06,False,Mid-Market,Annual,Enterprise,Paid,Retail,Australia,666,1,1,2,1,6,0,22,82.27,89.0,0.7879,0.8387,0.2146,0.0008,-13.0,487.73,3.86,8.0,1.0,3.375,1.0,15.288300136527777,0.25,0.125,5.0,22,1,1,0.909,2.36,0.9545,0,999.0,0
CUST-9A574F57,2024-04-30,True,SMB,Annual,Basic,Referral,Finance,Germany,245,0,1,0,3,2,3,8,45.25,30.67,0.4789,0.3617,-6.6905,-0.0478,-13.0,195.5,2.88,1.0,1.0,1.0,1.0,14.551658271944444,0.0,0.0,0.0,8,1,1,0.75,5.62,0.875,1,99.0,1
CUST-280784E2,2023-04-26,False,Mid-Market,Annual,Pro,Referral,Manufacturing,India,615,1,1,1,3,5,4,21,78.76,82.0,0.7279,0.6673,0.2597,-0.0002,12.0,512.43,4.9,1.0,1.0,5.0,5.0,15.048095885555556,0.0,0.0,0.0,21,1,1,0.905,1.57,0.9524,0,299.0,0
CUST-BE0DC1AC,2024-05-07,True,SMB,Monthly,Basic,Partner,Logistics,US,238,0,0,0,2,4,6,6,49.17,50.67,0.4648,0.4673,1.9714,0.007,-24.0,250.17,3.0,1.0,1.0,4.0,4.0,24.53481878111111,1.0,0.0,0.0,6,0,3,0.5,5.83,1.0,0,99.0,1
CUST-5D3937B2,2022-10-13,False,SMB,Monthly,Basic,Paid,SaaS,Australia,810,0,0,0,1,7,0,27,77.04,81.67,0.7406,0.8243,0.0562,0.0031,19.0,523.52,4.26,2.0,1.0,3.0,2.0,16.46620781833333,0.0,0.0,1.0,27,1,0,0.963,1.11,0.963,0,99.0,0
CUST-DCE5222B,2024-10-28,True,SMB,Monthly,Basic,Paid,Logistics,US,64,0,0,0,1,4,6,2,23.0,23.0,0.2485,0.2485,0.0,0.0,12.0,231.5,2.0,0.0,0.0,0.0,0.0,0.0,0.0,0.0,0.0,2,0,0,1.0,0.0,1.0,0,99.0,1
CUST-C3CD30EC,2024-02-05,True,SMB,Annual,Basic,Organic,Healthcare,France,330,0,1,0,0,3,2,9,40.56,28.0,0.4232,0.3127,-3.8833,-0.0499,-11.0,248.11,2.22,0.0,0.0,0.0,0.0,0.0,0.0,0.0,0.0,9,1,1,0.778,7.56,0.8889,0,99.0,1
CUST-0E2D6CED,2023-07-25,False,Mid-Market,Monthly,Enterprise,Organic,Education,Canada,525,1,0,2,0,1,1,18,79.89,79.0,0.75,0.7287,-0.2188,-0.0001,-12.0,510.0,5.5,5.0,2.0,4.4,4.0,14.948372809166665,0.0,0.2,2.0,18,0,1,0.944,1.28,1.0,0,999.0,0
CUST-C51365E2,2023-08-07,False,SMB,Annual,Basic,Paid,SaaS,India,512,0,1,0,1,7,4,17,79.82,78.67,0.7369,0.7627,-0.3922,-0.0024,0.0,484.18,3.94,3.0,1.0,3.3333333333333335,2.0,18.390133888611107,0.0,0.333,3.0,17,0,0,1.0,0.0,1.0,0,99.0,0
CUST-645FE50F,2024-04-14,False,Mid-Market,Multi-Year,Pro,Referral,Manufacturing,India,261,1,2,1,3,5,4,9,49.11,30.0,0.4176,0.1437,-6.9,-0.0718,3.0,231.11,3.11,2.0,2.0,4.5,4.0,16.386437473055555,0.0,0.0,0.0,9,1,2,0.667,9.22,0.8889,1,299.0,0
CUST-76A0BDDE,2023-03-01,False,Mid-Market,Annual,Pro,Paid,Manufacturing,Germany,671,1,1,1,1,5,3,22,80.45,93.67,0.7243,0.711,0.1728,-0.0014,-5.0,499.86,5.0,2.0,1.0,4.0,4.0,25.82363304277778,0.0,0.5,0.0,22,0,2,0.909,1.64,1.0,0,299.0,0
CUST-0E94CA9F,2024-04-13,True,SMB,Monthly,Basic,Organic,Manufacturing,France,262,0,0,0,0,5,2,6,52.5,44.67,0.5045,0.387,-3.8,-0.0708,-12.0,201.33,1.67,0.0,0.0,0.0,0.0,0.0,0.0,0.0,0.0,6,1,0,0.833,8.67,0.8333,0,99.0,1
CUST-DC821A8E,2024-02-09,True,Mid-Market,Annual,Pro,Paid,E-commerce,Canada,326,1,1,1,1,0,1,5,55.8,48.0,0.494,0.4927,-3.7,-0.0174,20.0,158.6,2.6,1.0,1.0,3.0,3.0,6.556174129722223,1.0,0.0,0.0,5,2,0,0.6,16.8,0.6,2,299.0,1
CUST-CD08A9E3,2022-05-03,False,Mid-Market,Multi-Year,Enterprise,Organic,SaaS,India,973,1,2,2,0,7,4,32,76.88,75.33,0.7439,0.716,-0.0341,0.0013,-12.0,526.69,4.38,4.0,1.0,4.5,4.0,17.727969990069443,0.0,0.5,1.0,32,0,0,1.0,0.0,1.0,0,999.0,0
CUST-70E13D1C,2023-12-19,True,SMB,Monthly,Pro,Partner,Retail,France,378,0,0,1,2,6,2,11,38.82,13.0,0.3328,0.1077,-7.0727,-0.0471,-7.0,252.55,3.09,2.0,1.0,1.5,1.0,25.78988947625,0.0,0.0,2.0,11,0,4,0.636,5.27,1.0,0,299.0,1
CUST-6E6E4E17,2024-02-20,True,Mid-Market,Monthly,Pro,Referral,Logistics,India,315,1,0,1,3,4,4,8,30.75,26.67,0.3649,0.3923,-0.5714,0.0163,16.0,238.12,2.75,6.0,2.0,2.1666666666666665,1.0,31.754287276064815,0.167,0.333,1.0,8,0,0,1.0,0.0,1.0,0,299.0,1
CUST-B9F9F304,2023-11-19,True,Mid-Market,Annual,Pro,Organic,Healthcare,France,408,1,1,1,0,3,2,11,36.27,14.33,0.4001,0.262,-4.8273,-0.0372,1.0,213.73,3.27,0.0,0.0,0.0,0.0,0.0,0.0,0.0,0.0,11,0,2,0.818,3.55,1.0,0,299.0,1
CUST-FF586805,2024-04-12,True,SMB,Monthly,Pro,Organic,Healthcare,Germany,263,0,0,1,0,3,3,7,48.71,40.67,0.4837,0.3503,-4.7143,-0.0706,-8.0,180.86,3.14,1.0,1.0,5.0,5.0,15.628611332777778,0.0,0.0,1.0,7,0,0,1.0,0.0,1.0,0,299.0,1
CUST-976A1159,2024-09-25,True,SMB,Monthly,Pro,Paid,Education,France,97,0,0,1,1,1,2,4,29.0,33.67,0.368,0.332,1.2,-0.0544,-4.0,191.5,3.25,1.0,1.0,1.0,1.0,30.061584267222223,0.0,0.0,0.0,4,2,0,0.5,23.0,0.5,1,299.0,1
CUST-068F599C,2024-06-05,True,Mid-Market,Annual,Pro,Organic,E-commerce,US,209,1,1,1,0,0,6,6,52.17,37.33,0.4935,0.3853,-8.3714,-0.0514,-16.0,189.5,3.0,1.0,1.0,5.0,5.0,23.7874947975,0.0,1.0,0.0,6,1,1,0.667,6.5,0.8333,0,299.0,1
CUST-BD79411E,2024-04-12,False,SMB,Monthly,Basic,Organic,E-commerce,UK,263,0,0,0,0,0,5,9,82.22,80.67,0.7566,0.7627,-0.3833,0.0083,-26.0,453.56,4.11,1.0,1.0,5.0,5.0,7.558714594722223,0.0,0.0,1.0,9,1,1,0.778,3.78,0.8889,1,99.0,0
CUST-ED73532B,2024-05-22,False,Mid-Market,Annual,Enterprise,Referral,SaaS,Canada,223,1,1,2,3,7,1,8,45.88,54.33,0.5312,0.5783,0.7262,-0.0144,65.0,272.88,2.25,2.0,1.0,3.0,2.0,19.93719968125,1.0,0.0,1.0,8,1,4,0.375,12.38,0.875,0,999.0,0
CUST-9DF2056B,2023-05-08,False,SMB,Annual,Pro,Partner,E-commerce,France,603,0,1,1,2,0,2,20,80.3,76.67,0.7682,0.7503,-0.4226,0.002,1.0,529.75,4.7,2.0,1.0,4.5,4.0,6.722083000555555,0.0,0.0,0.0,20,0,1,0.95,1.1,1.0,0,299.0,0
CUST-E7EB1485,2023-07-24,True,Enterprise,Annual,Enterprise,Referral,SaaS,Canada,526,2,1,2,3,7,1,17,33.59,30.0,0.4192,0.3913,0.2353,-0.0022,15.0,182.0,2.76,13.0,5.0,3.5384615384615383,2.0,50.16869133566237,0.077,0.462,3.0,17,1,1,0.882,2.76,0.9412,0,999.0,1
CUST-8C2D23C9,2024-02-06,False,Mid-Market,Monthly,Pro,Organic,E-commerce,Australia,329,1,0,1,0,0,0,11,33.82,15.67,0.3931,0.1193,-4.5273,-0.0607,-12.0,245.45,2.27,1.0,1.0,3.0,3.0,29.902635735833336,0.0,0.0,0.0,11,0,0,1.0,0.0,1.0,0,299.0,0
CUST-78022972,2024-02-09,False,SMB,Monthly,Basic,Partner,Healthcare,India,326,0,0,0,2,3,4,11,32.18,31.0,0.4142,0.3877,-0.5364,-0.0079,0.0,260.09,2.18,8.0,4.0,3.125,1.0,38.78250618690972,0.125,0.625,1.0,11,0,2,0.818,2.91,1.0,0,99.0,0
CUST-843287CE,2023-10-21,False,Mid-Market,Annual,Enterprise,Paid,E-commerce,Germany,437,1,1,2,1,0,3,15,33.53,34.0,0.4197,0.475,-0.1393,-0.0006,-4.0,165.27,2.47,11.0,3.0,2.4545454545454546,1.0,66.14420602631313,0.182,0.364,2.0,15,0,1,0.933,1.53,1.0,0,999.0,0
CUST-E757958C,2024-09-05,False,Mid-Market,Annual,Pro,Referral,Logistics,Australia,117,1,1,1,3,4,0,4,35.75,37.67,0.3845,0.4033,0.3,0.039,5.0,158.5,2.75,2.0,2.0,1.0,1.0,35.24901622763889,0.0,0.5,1.0,4,0,1,0.75,5.5,1.0,0,299.0,0
CUST-FEB86A95,2024-10-28,False,Enterprise,Multi-Year,Enterprise,Referral,Education,Germany,64,2,2,2,3,1,3,3,20.67,20.67,0.2293,0.2293,-12.5,0.012,-10.0,241.0,2.0,2.0,2.0,3.5,3.0,42.94438505222222,0.0,0.0,0.0,3,0,0,1.0,0.0,1.0,0,999.0,0
CUST-BB483668,2024-02-28,False,SMB,Annual,Pro,Partner,Retail,Canada,307,0,1,1,2,6,1,11,43.0,49.67,0.4915,0.5823,0.1,0.0183,-84.0,145.09,2.27,5.0,3.0,4.0,3.0,22.069497275555555,0.6,0.4,0.0,11,2,1,0.636,7.27,0.6364,1,299.0,0
CUST-FFEFA39D,2024-07-18,True,Enterprise,Multi-Year,Enterprise,Referral,Healthcare,Australia,166,2,2,2,3,3,0,6,52.17,49.0,0.4647,0.342,-2.0286,-0.0544,16.0,232.5,3.83,2.0,1.0,3.0,1.0,11.029246369861111,0.0,0.0,0.0,6,1,0,0.833,4.0,0.8333,0,999.0,1
CUST-7C4EE3E9,2022-10-18,False,SMB,Monthly,Pro,Paid,Manufacturing,India,805,0,0,1,1,5,4,27,76.52,70.67,0.7673,0.7633,-0.0745,0.0038,21.0,489.11,4.11,8.0,3.0,3.625,1.0,15.336013087048611,0.0,0.25,1.0,27,0,1,0.963,0.26,1.0,0,299.0,0
CUST-88373B4E,2023-03-12,False,SMB,Monthly,Pro,Referral,Finance,UK,660,0,0,1,3,2,5,22,79.45,83.67,0.7751,0.7357,0.218,-0.0001,9.0,492.77,4.0,2.0,2.0,3.0,1.0,21.254733077222223,0.0,0.5,0.0,22,1,0,0.955,1.36,0.9545,1,299.0,0
CUST-33910797,2024-02-29,True,Enterprise,Multi-Year,Enterprise,Partner,Retail,India,306,2,2,2,2,6,4,9,32.56,30.0,0.3807,0.3713,-1.45,-0.0028,11.0,152.89,2.67,7.0,5.0,3.142857142857143,2.0,48.124735008174596,0.0,0.429,2.0,9,0,1,0.889,1.67,1.0,0,999.0,1
CUST-7BFA9D4E,2023-01-18,False,Mid-Market,Annual,Enterprise,Organic,Manufacturing,Australia,713,1,1,2,0,5,0,24,78.79,77.0,0.7668,0.752,0.2404,-0.0014,-3.0,503.21,4.21,2.0,1.0,3.5,2.0,19.55679483722222,0.0,0.0,1.0,24,0,1,0.958,0.83,1.0,0,999.0,0
CUST-B3FA158E,2023-05-23,False,SMB,Monthly,Pro,Partner,Education,Canada,588,0,0,1,2,1,1,20,32.4,39.33,0.3729,0.426,0.0752,0.0006,17.0,149.1,2.75,17.0,2.0,2.4705882352941178,1.0,47.43776569326798,0.118,0.353,7.0,20,1,5,0.7,5.3,0.95,0,299.0,0
CUST-FC6FBB88,2024-10-29,True,Mid-Market,Annual,Pro,Organic,Education,France,63,1,1,1,0,1,2,3,22.67,22.67,0.3093,0.3093,-5.0,-0.017,-22.0,199.33,2.0,0.0,0.0,0.0,0.0,0.0,0.0,0.0,0.0,3,0,1,0.667,5.33,1.0,0,299.0,1
CUST-FEF280CE,2024-02-13,True,SMB,Monthly,Basic,Partner,Education,US,322,0,0,0,2,1,6,10,41.4,23.33,0.4661,0.3683,-3.6848,-0.0324,5.0,204.4,3.0,1.0,1.0,2.0,2.0,10.550302563333332,0.0,0.0,0.0,10,0,0,1.0,0.0,1.0,0,99.0,1
CUST-3473B990,2024-03-05,False,SMB,Monthly,Pro,Referral,Healthcare,UK,301,0,0,1,3,3,5,10,30.8,34.33,0.3671,0.3063,1.8061,-0.0121,10.0,228.9,2.4,7.0,1.0,2.142857142857143,1.0,46.5225860295635,0.0,0.286,3.0,10,1,2,0.7,5.1,0.9,1,299.0,0
CUST-DBFAE400,2023-10-11,False,SMB,Monthly,Basic,Paid,Education,Australia,447,0,0,0,1,1,0,15,81.93,87.33,0.7391,0.708,0.3536,-0.0015,5.0,500.53,4.4,4.0,1.0,4.0,1.0,17.17777233548611,0.0,0.25,0.0,15,0,1,0.933,1.67,1.0,0,99.0,0
CUST-136FC8B7,2023-10-21,False,SMB,Monthly,Basic,Paid,Finance,Australia,437,0,0,0,1,2,0,15,35.27,28.67,0.4123,0.3917,-0.5036,0.0023,14.0,224.87,3.2,11.0,3.0,2.4545454545454546,1.0,53.95974908128789,0.182,0.091,3.0,15,0,0,1.0,0.0,1.0,0,99.0,0
CUST-F437F56A,2023-10-13,False,SMB,Annual,Basic,Partner,Education,India,445,0,1,0,2,1,4,15,81.93,85.0,0.7642,0.7717,0.2214,0.0063,-17.0,524.2,4.27,3.0,2.0,5.0,5.0,19.865893371574074,0.333,0.0,1.0,15,0,0,1.0,0.0,1.0,0,99.0,0
CUST-651EB339,2024-02-29,True,Mid-Market,Annual,Pro,Paid,Logistics,Canada,306,1,1,1,1,4,1,8,41.0,26.0,0.4432,0.3473,-3.9524,-0.0432,2.0,184.25,1.75,2.0,2.0,4.0,3.0,22.81964936111111,0.5,0.5,1.0,8,1,2,0.625,7.88,0.875,0,299.0,1
CUST-7B57720A,2024-04-18,False,SMB,Annual,Basic,Organic,E-commerce,India,257,0,1,0,0,0,4,9,46.33,33.33,0.4414,0.3237,-6.2167,-0.0462,-20.0,174.67,2.56,0.0,0.0,0.0,0.0,0.0,0.0,0.0,0.0,9,0,3,0.667,4.44,1.0,0,99.0,0
CUST-B8B7B6B9,2023-11-27,True,Enterprise,Multi-Year,Enterprise,Organic,Retail,US,400,2,2,2,0,6,6,12,35.25,35.67,0.354,0.398,-0.1853,0.0021,14.0,197.08,2.75,7.0,1.0,2.0,1.0,39.30731854511905,0.0,0.286,0.0,12,1,0,0.917,1.25,0.9167,0,999.0,1
CUST-67081DAD,2024-02-05,True,Mid-Market,Monthly,Pro,Partner,Manufacturing,France,330,1,0,1,2,5,2,8,51.75,40.0,0.5068,0.3783,-5.4286,-0.0407,-25.0,253.62,2.62,0.0,0.0,0.0,0.0,0.0,0.0,0.0,0.0,8,0,4,0.5,7.25,1.0,0,299.0,1
CUST-6406DBD2,2024-02-08,False,Mid-Market,Annual,Pro,Referral,SaaS,India,327,1,1,1,3,7,4,11,61.36,63.0,0.5157,0.4743,-0.4182,-0.0109,-17.0,227.73,2.27,3.0,1.0,3.0,1.0,12.689938799166667,0.667,0.0,0.0,11,2,2,0.636,6.27,0.8182,0,299.0,0
CUST-FD5FAB81,2023-08-11,False,Mid-Market,Annual,Pro,Organic,SaaS,India,508,1,1,1,0,7,4,17,79.06,73.67,0.7612,0.8143,0.0882,-0.0032,8.0,487.0,4.24,1.0,1.0,5.0,5.0,25.729563711388888,0.0,1.0,0.0,17,2,0,0.882,6.18,0.8824,0,299.0,0
CUST-08BD07E0,2024-03-31,True,SMB,Annual,Pro,Organic,Education,UK,275,0,1,1,0,1,5,8,55.38,37.33,0.4319,0.3453,-6.2024,-0.0392,-22.0,230.88,2.0,0.0,0.0,0.0,0.0,0.0,0.0,0.0,0.0,8,0,2,0.75,2.12,1.0,0,299.0,1
CUST-86F651A4,2024-11-19,False,Mid-Market,Monthly,Pro,Organic,SaaS,Germany,42,1,0,1,0,7,3,2,22.0,22.0,0.291,0.291,0.0,0.0,-18.0,199.0,2.0,0.0,0.0,0.0,0.0,0.0,0.0,0.0,0.0,2,0,0,1.0,0.0,1.0,0,299.0,0
CUST-EAD86ADA,2023-07-30,False,SMB,Monthly,Basic,Referral,Retail,Canada,520,0,0,0,3,6,1,18,80.22,80.0,0.7319,0.6853,0.4623,-0.0047,-14.0,515.94,4.33,1.0,1.0,5.0,5.0,5.3650179088888885,0.0,0.0,1.0,18,0,2,0.889,1.89,1.0,0,99.0,0
CUST-72C09412,2024-03-28,True,Mid-Market,Annual,Enterprise,Referral,SaaS,France,278,1,1,2,3,7,2,9,56.11,66.67,0.4412,0.428,3.05,-0.0014,-36.0,233.0,2.78,2.0,2.0,2.5,1.0,14.61639878,0.5,0.0,0.0,9,1,1,0.778,2.56,0.8889,0,999.0,1
CUST-580E1EAA,2022-12-26,False,SMB,Monthly,Pro,Partner,Finance,Australia,736,0,0,1,2,2,0,25,75.52,78.0,0.76,0.7443,0.0685,-0.0038,8.0,504.48,4.12,3.0,1.0,4.666666666666667,4.0,20.239987590462963,0.0,0.0,1.0,25,0,0,1.0,0.0,1.0,0,299.0,0
CUST-E6111BBC,2023-10-24,False,Enterprise,Multi-Year,Enterprise,Paid,Logistics,Canada,434,2,2,2,1,4,1,15,81.93,81.33,0.7314,0.7007,1.3321,-0.0034,17.0,498.47,4.2,7.0,1.0,4.285714285714286,4.0,13.312400051230158,0.0,0.429,1.0,15,0,2,0.867,3.13,1.0,0,999.0,0
CUST-92A551C8,2022-12-06,False,Mid-Market,Annual,Enterprise,Partner,Healthcare,Canada,756,1,1,2,2,3,1,25,79.48,83.33,0.766,0.752,0.0031,-0.0015,10.0,480.32,4.8,2.0,1.0,5.0,5.0,10.253246498055555,0.0,0.0,1.0,25,0,1,0.96,0.92,1.0,0,999.0,0
CUST-7EB0DE80,2024-10-08,False,SMB,Annual,Pro,Organic,E-commerce,Canada,84,0,1,1,0,0,1,3,24.0,24.0,0.3027,0.3027,-11.0,0.0435,-2.0,185.0,3.67,0.0,0.0,0.0,0.0,0.0,0.0,0.0,0.0,3,0,1,0.667,2.0,1.0,0,299.0,0
CUST-B440D012,2023-02-26,False,SMB,Monthly,Basic,Referral,Education,Germany,674,0,0,0,3,1,3,23,80.39,78.67,0.7422,0.859,-0.2945,0.0039,-2.0,503.35,4.17,1.0,1.0,3.0,3.0,9.88821650388889,0.0,1.0,0.0,23,1,0,0.957,1.22,0.9565,0,99.0,0
CUST-B4860E71,2023-09-20,False,Enterprise,Multi-Year,Enterprise,Paid,Healthcare,Canada,468,2,2,2,1,3,1,16,32.62,17.33,0.3199,0.207,-3.9412,-0.04,2.0,207.31,2.38,2.0,2.0,4.5,4.0,20.547354086805555,0.5,0.5,0.0,16,0,3,0.812,3.88,1.0,0,999.0,0
CUST-05009AFC,2023-09-28,False,Mid-Market,Annual,Pro,Paid,Finance,Australia,460,1,1,1,1,2,0,16,74.5,72.33,0.7452,0.7563,-0.4824,0.0001,-15.0,492.31,4.06,2.0,1.0,3.0,1.0,21.789942144999998,0.0,0.5,2.0,16,0,2,0.875,1.94,1.0,0,299.0,0
CUST-6ED6D018,2023-12-22,True,Mid-Market,Monthly,Enterprise,Paid,Retail,Germany,375,1,0,2,1,6,3,7,75.71,64.67,0.724,0.7337,-4.0357,-0.0041,1.0,397.0,5.29,0.0,0.0,0.0,0.0,0.0,0.0,0.0,0.0,7,0,2,0.714,5.57,1.0,0,999.0,1
CUST-5D43482E,2024-07-21,False,SMB,Monthly,Basic,Referral,SaaS,France,163,0,0,0,3,7,2,6,33.83,33.0,0.4288,0.372,0.0286,-0.026,7.0,183.5,3.17,4.0,3.0,2.25,1.0,35.77294463145834,0.0,0.0,0.0,6,1,0,0.833,3.0,0.8333,0,99.0,0
CUST-0C28D82E,2024-10-06,True,Mid-Market,Monthly,Enterprise,Referral,Logistics,Germany,86,1,0,2,3,4,3,3,31.67,31.67,0.2157,0.2157,2.5,0.023,-4.0,224.0,3.33,1.0,1.0,3.0,3.0,38.457222692777776,0.0,0.0,1.0,3,1,0,0.667,14.67,0.6667,1,999.0,1
CUST-9D1FDA23,2023-11-09,False,SMB,Annual,Pro,Referral,Education,France,418,0,1,1,3,1,2,14,33.64,34.0,0.3851,0.3993,0.3099,-0.0013,7.0,227.36,2.14,12.0,6.0,2.1666666666666665,1.0,49.161770608888894,0.083,0.5,5.0,14,1,1,0.857,3.29,0.9286,1,299.0,0
CUST-DBD83E35,2024-03-12,False,Mid-Market,Annual,Pro,Organic,SaaS,India,294,1,1,1,0,7,4,10,46.2,24.0,0.4189,0.258,-5.5394,-0.0465,-6.0,179.1,2.6,2.0,2.0,5.0,5.0,27.092472570694444,0.5,0.0,2.0,10,0,0,1.0,0.0,1.0,0,299.0,0
CUST-2DD32DB8,2024-02-10,False,SMB,Multi-Year,Basic,Partner,SaaS,Germany,325,0,2,0,2,7,3,11,46.64,30.67,0.3938,0.175,-4.6182,-0.0534,-23.0,220.18,3.18,2.0,1.0,3.5,2.0,17.73794478486111,0.0,0.0,0.0,11,1,2,0.727,5.64,0.9091,0,99.0,0
CUST-D3CE6EC7,2024-06-16,False,SMB,Monthly,Basic,Partner,Manufacturing,Canada,198,0,0,0,2,5,1,7,55.57,49.33,0.4661,0.3387,-3.3929,-0.0521,12.0,170.71,2.14,1.0,1.0,5.0,5.0,12.6363547525,0.0,0.0,1.0,7,0,1,0.857,0.86,1.0,0,99.0,0
CUST-51CA2DA3,2022-02-25,False,Enterprise,Multi-Year,Enterprise,Partner,Logistics,UK,1040,2,2,2,2,4,5,35,80.03,79.67,0.7451,0.7323,-0.0798,-0.0012,2.0,519.31,4.17,3.0,2.0,5.0,5.0,16.665579820092592,0.0,0.0,0.0,35,2,1,0.914,2.91,0.9429,0,999.0,0
CUST-01E26863,2023-04-18,False,SMB,Monthly,Pro,Partner,Healthcare,Australia,623,0,0,1,2,3,0,21,77.05,81.0,0.7452,0.7287,-0.1221,-0.0011,6.0,495.05,4.67,3.0,2.0,4.333333333333333,4.0,21.72695039990741,0.333,0.0,1.0,21,0,0,1.0,0.0,1.0,0,299.0,0
CUST-F505DA68,2024-02-26,True,Mid-Market,Annual,Pro,Referral,E-commerce,Germany,309,1,1,1,3,0,3,7,49.29,38.33,0.4803,0.4857,-5.1786,-0.0068,51.0,162.57,2.71,1.0,1.0,4.0,4.0,6.195363181666667,0.0,0.0,1.0,7,0,1,0.857,1.57,1.0,0,299.0,1
CUST-797B30B7,2024-01-01,False,Mid-Market,Monthly,Enterprise,Partner,E-commerce,US,365,1,0,2,2,0,6,12,43.08,25.67,0.3181,0.2053,-4.6189,-0.0402,-2.0,189.75,2.92,2.0,1.0,2.5,2.0,19.092774784027775,0.0,0.0,0.0,12,0,1,0.917,1.58,1.0,0,999.0,0
CUST-AA165627,2024-03-20,True,Mid-Market,Annual,Enterprise,Organic,Education,Germany,286,1,1,2,0,1,3,8,45.38,42.0,0.6013,0.7267,-0.631,0.0313,2.0,210.12,2.88,3.0,1.0,3.3333333333333335,2.0,5.453588894537037,0.0,0.333,0.0,8,2,4,0.125,17.0,0.5,0,999.0,1
CUST-B704DA63,2023-12-24,False,Mid-Market,Annual,Pro,Paid,Healthcare,France,373,1,1,1,1,3,2,13,34.08,34.0,0.4172,0.4613,-0.7912,0.0055,-2.0,190.92,2.69,10.0,3.0,3.1,1.0,48.53611345711111,0.1,0.5,2.0,13,0,2,0.846,2.23,1.0,0,299.0,0
CUST-A0B2B411,2024-04-08,True,Mid-Market,Multi-Year,Pro,Paid,E-commerce,UK,267,1,2,1,1,0,5,7,36.43,38.67,0.4233,0.471,0.3214,0.0192,-8.0,231.43,2.71,5.0,4.0,2.8,2.0,45.876355464666666,0.2,0.4,1.0,7,0,1,0.857,2.57,1.0,0,299.0,1
CUST-EA7CA529,2024-10-24,True,SMB,Annual,Basic,Paid,Logistics,US,68,0,1,0,1,4,6,3,24.33,24.33,0.3307,0.3307,-12.5,0.0105,-3.0,94.0,2.33,0.0,0.0,0.0,0.0,0.0,0.0,0.0,0.0,3,0,1,0.667,7.0,1.0,0,99.0,1
CUST-94C2E2FD,2022-06-07,False,SMB,Monthly,Pro,Referral,Finance,US,938,0,0,1,3,2,6,31,78.48,79.33,0.7571,0.8747,-0.1347,0.0027,-21.0,488.26,4.45,7.0,2.0,4.142857142857143,2.0,11.628440054484127,0.0,0.286,2.0,31,0,1,0.968,0.19,1.0,0,299.0,0
CUST-6BB75C40,2024-01-16,False,Mid-Market,Monthly,Pro,Organic,Retail,India,350,1,0,1,0,6,4,12,52.08,61.0,0.4278,0.4157,-1.8357,-0.0086,-15.0,165.0,3.33,1.0,1.0,4.0,4.0,15.853535795555555,1.0,0.0,0.0,12,4,4,0.333,16.42,0.6667,1,299.0,0
CUST-2C95DDC1,2022-07-29,True,Enterprise,Monthly,Enterprise,Paid,Healthcare,Germany,886,2,0,2,1,3,3,23,79.61,67.67,0.769,0.7343,-0.0988,0.0034,-25.0,512.57,4.13,3.0,1.0,5.0,5.0,14.129570142685187,0.333,0.0,2.0,23,0,0,1.0,0.0,1.0,0,999.0,1
CUST-E54DC6BE,2024-06-03,False,Mid-Market,Annual,Enterprise,Referral,Logistics,UK,211,1,1,2,3,4,5,7,54.43,57.33,0.5097,0.363,4.2857,-0.0331,17.0,268.86,2.29,3.0,3.0,2.6666666666666665,2.0,20.759455229722224,0.667,0.0,1.0,7,0,3,0.571,5.43,1.0,0,999.0,0
CUST-F883A1E7,2024-11-19,True,SMB,Monthly,Basic,Referral,E-commerce,Germany,42,0,0,0,3,0,3,2,37.5,37.5,0.2955,0.2955,0.0,0.0,3.0,198.5,3.0,1.0,1.0,3.0,3.0,21.39612063611111,0.0,0.0,0.0,2,0,1,0.5,5.0,1.0,0,99.0,1
CUST-D47EE090,2024-03-18,True,Mid-Market,Annual,Pro,Organic,SaaS,Australia,288,1,1,1,0,7,0,7,46.57,37.67,0.4179,0.304,-5.3929,-0.0565,-28.0,202.29,2.29,0.0,0.0,0.0,0.0,0.0,0.0,0.0,0.0,7,0,2,0.714,6.29,1.0,0,299.0,1
CUST-B5318B88,2024-04-21,False,Mid-Market,Monthly,Enterprise,Partner,Manufacturing,Australia,254,1,0,2,2,5,0,9,41.33,36.67,0.5856,0.5177,-3.45,0.0015,-32.0,164.56,2.89,5.0,3.0,3.0,1.0,22.829684053166666,0.6,0.0,3.0,9,2,3,0.333,14.67,0.5556,2,999.0,0
CUST-7C5E7D4D,2024-02-03,True,Enterprise,Annual,Enterprise,Partner,Logistics,UK,332,2,1,2,2,4,5,9,57.78,45.67,0.4768,0.5107,-0.9833,0.0126,51.0,144.22,2.22,3.0,2.0,4.333333333333333,3.0,11.214115022037037,1.0,0.0,1.0,9,4,1,0.444,17.56,0.5556,1,999.0,1
CUST-EC327479,2024-08-06,True,Mid-Market,Multi-Year,Pro,Organic,Logistics,US,147,1,2,1,0,4,6,5,53.8,48.33,0.5286,0.3897,-6.1,-0.0819,17.0,138.2,1.6,0.0,0.0,0.0,0.0,0.0,0.0,0.0,0.0,5,1,0,0.8,10.8,0.8,0,299.0,1
CUST-448641B3,2023-08-09,True,SMB,Monthly,Pro,Paid,SaaS,UK,510,0,0,1,1,7,5,14,33.79,32.33,0.3618,0.3673,0.0505,-0.0035,-8.0,216.79,1.86,10.0,3.0,2.1,1.0,32.909811145805556,0.1,0.4,3.0,14,0,2,0.857,2.43,1.0,0,299.0,1
CUST-7B6164B1,2024-05-07,True,SMB,Monthly,Pro,Referral,Retail,US,238,0,0,1,3,6,6,4,53.25,54.33,0.7078,0.6723,-12.7,0.0583,-36.0,262.25,2.5,1.0,1.0,4.0,4.0,22.74825527611111,1.0,0.0,0.0,4,0,1,0.75,2.75,1.0,0,299.0,1
CUST-E0CACDAF,2024-04-14,True,SMB,Annual,Pro,Organic,Logistics,Germany,261,0,1,1,0,4,3,5,51.4,42.0,0.4882,0.4577,-7.6,-0.0583,3.0,197.8,1.8,1.0,1.0,5.0,5.0,19.329462684444444,0.0,0.0,1.0,5,1,0,0.8,6.2,0.8,0,299.0,1
CUST-26F49E14,2024-07-10,True,Enterprise,Multi-Year,Enterprise,Partner,Logistics,Canada,174,2,2,2,2,4,1,6,59.33,62.67,0.5513,0.5553,-0.1143,-0.0072,25.0,236.17,2.5,2.0,2.0,3.0,2.0,8.937183000694445,0.5,0.0,0.0,6,0,2,0.667,5.0,1.0,0,999.0,1
CUST-E1D2C4D9,2024-12-01,True,Mid-Market,Annual,Pro,Referral,Finance,US,30,1,1,1,3,2,6,1,24.0,24.0,0.259,0.259,0.0,0.0,0.0,120.0,3.0,1.0,1.0,5.0,5.0,5.796239907222222,0.0,0.0,1.0,1,0,0,1.0,0.0,1.0,0,299.0,1
CUST-93484E62,2023-10-22,False,SMB,Multi-Year,Basic,Partner,Retail,US,436,0,2,0,2,6,6,15,37.93,37.67,0.4272,0.442,0.1536,-0.0059,5.0,196.87,2.47,12.0,5.0,2.75,1.0,52.21729269833333,0.167,0.333,1.0,15,1,3,0.733,5.87,0.9333,0,99.0,0
CUST-CE3D6465,2024-04-20,False,Mid-Market,Annual,Pro,Referral,Manufacturing,France,255,1,1,1,3,5,2,9,52.56,49.67,0.4626,0.3987,-2.0,-0.0573,5.0,146.56,2.44,3.0,3.0,4.0,2.0,27.252628220277774,1.0,0.0,2.0,9,1,2,0.667,7.89,0.8889,1,299.0,0
CUST-4FF743BC,2024-05-31,True,Enterprise,Annual,Enterprise,Paid,Manufacturing,France,214,2,1,2,1,5,2,5,43.4,46.67,0.3378,0.306,1.2,-0.0215,-12.0,186.4,2.8,1.0,1.0,2.0,2.0,20.733820936944447,0.0,0.0,0.0,5,1,0,0.8,11.6,0.8,0,999.0,1
CUST-CD4A4A77,2024-07-01,True,Mid-Market,Multi-Year,Pro,Paid,Logistics,US,183,1,2,1,1,4,6,4,58.75,55.33,0.6128,0.5517,-4.1,-0.0589,-7.0,318.5,3.25,0.0,0.0,0.0,0.0,0.0,0.0,0.0,0.0,4,0,0,1.0,0.0,1.0,0,299.0,1
CUST-5AF075CE,2023-07-11,False,Mid-Market,Annual,Enterprise,Paid,E-commerce,UK,539,1,1,2,1,0,5,18,77.56,74.0,0.749,0.686,-0.2126,-0.0048,2.0,526.56,4.78,2.0,1.0,4.5,4.0,24.119744245555555,0.5,0.0,0.0,18,0,1,0.944,0.56,1.0,0,999.0,0
CUST-8845ADA5,2022-07-15,True,Enterprise,Annual,Enterprise,Organic,SaaS,Canada,900,2,1,2,0,7,1,26,80.65,82.67,0.7964,0.749,0.1446,-0.001,-5.0,497.69,4.5,1.0,1.0,4.0,4.0,25.67339352777778,0.0,0.0,0.0,26,0,1,0.962,0.96,1.0,0,999.0,1
CUST-54041F85,2024-03-30,False,SMB,Annual,Pro,Paid,Manufacturing,US,276,0,1,1,1,5,6,10,39.1,21.0,0.3604,0.1177,-5.3879,-0.0631,25.0,180.0,1.8,1.0,1.0,1.0,1.0,31.095773686944444,1.0,0.0,0.0,10,2,1,0.7,8.4,0.8,1,299.0,0
CUST-54113C28,2024-07-20,True,SMB,Monthly,Basic,Referral,Healthcare,UK,164,0,0,0,3,3,5,4,55.5,56.0,0.503,0.5127,-1.4,-0.025,-35.0,86.5,2.25,0.0,0.0,0.0,0.0,0.0,0.0,0.0,0.0,4,0,0,1.0,0.0,1.0,0,99.0,1
CUST-3B3A6D16,2023-06-25,False,Mid-Market,Monthly,Pro,Referral,Retail,Australia,555,1,0,1,3,6,0,19,77.95,77.67,0.7535,0.826,-0.193,-0.0005,-21.0,511.42,4.79,2.0,1.0,5.0,5.0,10.49641163375,0.0,0.0,0.0,19,0,1,0.947,0.42,1.0,0,299.0,0
CUST-F1872E19,2023-06-30,False,SMB,Monthly,Basic,Partner,Retail,Australia,550,0,0,0,2,6,0,19,80.58,73.33,0.7537,0.692,-0.5228,-0.0054,-3.0,507.11,4.21,2.0,1.0,4.5,4.0,26.656158028333333,0.0,0.0,0.0,19,0,0,1.0,0.0,1.0,0,99.0,0
CUST-53E34A02,2024-09-08,True,SMB,Monthly,Basic,Referral,Logistics,India,114,0,0,0,3,4,4,2,81.5,81.5,0.7505,0.7505,0.0,0.0,21.0,582.0,5.0,0.0,0.0,0.0,0.0,0.0,0.0,0.0,0.0,2,0,0,1.0,0.0,1.0,0,99.0,1
CUST-C9FE1F8D,2024-03-11,False,Mid-Market,Annual,Pro,Paid,Logistics,France,295,1,1,1,1,4,2,10,39.4,22.33,0.3725,0.1883,-4.5818,-0.0521,-9.0,185.2,2.9,0.0,0.0,0.0,0.0,0.0,0.0,0.0,0.0,10,0,2,0.8,3.8,1.0,0,299.0,0
CUST-A82EB56B,2023-06-22,False,Mid-Market,Monthly,Pro,Partner,Logistics,India,558,1,0,1,2,4,4,19,74.63,76.0,0.709,0.7297,0.1596,-0.0008,8.0,551.16,3.95,2.0,1.0,5.0,5.0,6.854808890694445,0.0,0.5,0.0,19,0,1,0.947,0.68,1.0,0,299.0,0
CUST-F8B2B68E,2023-01-06,False,Enterprise,Multi-Year,Enterprise,Paid,Education,Canada,725,2,2,2,1,1,1,24,78.5,82.33,0.7475,0.7037,0.0235,-0.0036,-4.0,511.25,4.04,2.0,1.0,5.0,5.0,21.2923669575,0.0,0.0,0.0,24,1,1,0.917,1.21,0.9583,0,999.0,0
CUST-C02A3907,2023-12-09,False,Mid-Market,Annual,Pro,Partner,E-commerce,US,388,1,1,1,2,0,6,13,62.77,62.0,0.5814,0.451,-0.5879,-0.0017,-37.0,201.69,2.31,3.0,1.0,2.6666666666666665,1.0,27.771563750370373,1.0,0.0,0.0,13,3,4,0.308,11.62,0.4615,1,299.0,0
CUST-8B9EF593,2022-10-21,False,Mid-Market,Monthly,Pro,Organic,Healthcare,Australia,802,1,0,1,0,3,0,27,79.59,87.67,0.7667,0.7347,-0.0153,0.0005,-10.0,482.74,4.63,2.0,1.0,3.5,2.0,16.04473266597222,0.5,0.5,1.0,27,0,0,1.0,0.0,1.0,0,299.0,0
CUST-857951A3,2024-03-31,False,SMB,Monthly,Basic,Partner,Logistics,Canada,275,0,0,0,2,4,1,10,42.9,20.67,0.476,0.385,-7.2667,-0.0269,-12.0,157.0,2.9,0.0,0.0,0.0,0.0,0.0,0.0,0.0,0.0,10,0,3,0.7,4.5,1.0,0,99.0,0
CUST-3E8FA36B,2024-07-17,True,SMB,Monthly,Basic,Partner,Education,UK,167,0,0,0,2,1,5,4,49.25,51.67,0.4935,0.436,5.1,-0.0292,-1.0,141.5,2.5,0.0,0.0,0.0,0.0,0.0,0.0,0.0,0.0,4,1,1,0.5,11.75,0.75,1,99.0,1
CUST-7B43D899,2023-10-15,True,Mid-Market,Monthly,Enterprise,Organic,Logistics,Australia,443,1,0,2,0,4,0,11,50.18,39.0,0.4913,0.567,-1.5273,0.0247,-2.0,182.18,1.73,5.0,1.0,4.2,2.0,11.947820825666666,0.6,0.0,0.0,11,5,2,0.364,19.0,0.5455,0,999.0,1
CUST-4B618945,2024-04-21,True,Mid-Market,Monthly,Enterprise,Partner,E-commerce,US,254,1,0,2,2,0,6,9,52.67,55.67,0.6432,0.88,1.9667,0.0401,-8.0,195.56,2.78,3.0,2.0,3.6666666666666665,3.0,11.009548681388887,1.0,0.0,2.0,9,1,2,0.556,6.33,0.6667,1,999.0,1
CUST-08199F69,2024-03-05,False,SMB,Monthly,Basic,Paid,SaaS,Australia,301,0,0,0,1,7,0,10,44.2,23.33,0.4097,0.324,-5.8061,-0.0261,-31.0,217.6,2.8,2.0,2.0,3.5,3.0,1.0,0.5,0.0,1.0,10,0,1,0.9,2.9,1.0,0,99.0,0
CUST-AD3B1723,2024-04-27,True,Mid-Market,Annual,Pro,Referral,Manufacturing,Canada,248,1,1,1,3,5,1,7,45.29,30.0,0.5027,0.4057,-5.1786,-0.0681,-24.0,190.71,3.14,3.0,3.0,3.6666666666666665,2.0,21.080549254814816,0.667,0.333,2.0,7,0,2,0.714,4.71,1.0,0,299.0,1
CUST-35CE3B24,2024-10-29,False,Mid-Market,Multi-Year,Enterprise,Partner,SaaS,Australia,63,1,2,2,2,7,0,3,35.33,35.33,0.2037,0.2037,10.5,-0.039,29.0,179.0,2.0,1.0,1.0,4.0,4.0,31.335785733888887,0.0,0.0,0.0,3,0,1,0.667,5.33,1.0,0,999.0,0
CUST-AD9A987F,2024-02-01,False,SMB,Annual,Pro,Organic,Retail,US,334,0,1,1,0,6,6,11,34.36,38.33,0.4292,0.4153,0.4727,-0.004,-2.0,211.27,3.18,10.0,5.0,2.4,1.0,28.688868694722224,0.3,0.2,2.0,11,0,2,0.818,3.0,1.0,0,299.0,0
CUST-F3D640BB,2024-03-17,False,SMB,Annual,Basic,Partner,Education,Canada,289,0,1,0,2,1,1,10,33.2,39.0,0.3775,0.3847,0.5576,-0.0066,7.0,220.9,2.0,8.0,5.0,3.0,2.0,60.40771557854167,0.0,0.25,2.0,10,3,2,0.5,17.1,0.7,2,99.0,0
CUST-5D768A54,2024-04-25,True,SMB,Monthly,Pro,Paid,Education,Canada,250,0,0,1,1,1,1,6,51.5,46.0,0.5297,0.4723,-3.2857,-0.0315,-4.0,232.33,3.17,1.0,1.0,4.0,4.0,20.86756362972222,0.0,0.0,0.0,6,0,0,1.0,0.0,1.0,0,299.0,1
CUST-DB8E4E5A,2023-05-17,False,SMB,Monthly,Pro,Partner,Logistics,UK,594,0,0,1,2,4,5,20,78.45,71.0,0.7548,0.793,-0.312,0.0029,-17.0,519.15,4.4,2.0,1.0,5.0,5.0,21.783159703194443,0.0,0.0,0.0,20,0,0,1.0,0.0,1.0,0,299.0,0
CUST-F1B7265A,2024-11-11,True,Mid-Market,Annual,Enterprise,Paid,Education,India,50,1,1,2,1,1,4,2,14.0,14.0,0.2175,0.2175,0.0,0.0,16.0,114.5,2.5,0.0,0.0,0.0,0.0,0.0,0.0,0.0,0.0,2,0,0,1.0,0.0,1.0,0,999.0,1
CUST-BF8AA2BA,2024-05-10,True,SMB,Monthly,Pro,Paid,Logistics,Australia,235,0,0,1,1,4,0,8,44.38,33.0,0.454,0.2977,-3.9405,-0.0425,12.0,195.75,2.75,0.0,0.0,0.0,0.0,0.0,0.0,0.0,0.0,8,0,1,0.875,1.62,1.0,0,299.0,1
CUST-3493C74E,2024-01-05,True,SMB,Multi-Year,Basic,Organic,Retail,India,361,0,2,0,0,6,4,10,30.9,32.33,0.4361,0.4003,0.2485,-0.0108,14.0,185.1,2.8,7.0,4.0,2.5714285714285716,1.0,58.33268752623015,0.143,0.143,3.0,10,0,0,1.0,0.0,1.0,0,99.0,1
CUST-C0B179BB,2024-05-15,False,SMB,Annual,Basic,Partner,Manufacturing,France,230,0,1,0,2,5,2,8,54.62,49.67,0.4702,0.3453,0.6548,-0.0351,19.0,240.75,2.5,3.0,2.0,3.3333333333333335,1.0,19.632397663888888,0.667,0.0,0.0,8,3,3,0.25,20.38,0.625,1,99.0,0
CUST-BEF106B3,2023-10-23,True,SMB,Annual,Pro,Organic,Manufacturing,US,435,0,1,1,0,5,6,8,39.38,25.33,0.5001,0.4123,-5.3214,-0.0491,-4.0,237.62,3.5,0.0,0.0,0.0,0.0,0.0,0.0,0.0,0.0,8,1,1,0.75,5.88,0.875,0,299.0,1
CUST-EC6EE104,2024-12-01,False,SMB,Monthly,Pro,Partner,Retail,Australia,30,0,0,1,2,6,0,1,37.0,37.0,0.277,0.277,0.0,0.0,0.0,128.0,1.0,1.0,1.0,2.0,2.0,22.732969029166668,0.0,0.0,0.0,1,0,0,1.0,0.0,1.0,0,299.0,0
CUST-FB02BDFD,2023-11-29,False,SMB,Monthly,Pro,Referral,Manufacturing,Australia,398,0,0,1,3,5,0,14,32.21,19.67,0.257,0.068,-3.1363,-0.0397,-33.0,208.64,2.86,1.0,1.0,2.0,2.0,27.543715468333332,1.0,0.0,0.0,14,1,4,0.643,8.36,0.9286,0,299.0,0
CUST-9B60872B,2022-09-29,False,SMB,Monthly,Pro,Referral,SaaS,France,824,0,0,1,3,7,2,28,77.0,84.33,0.7652,0.7963,0.2479,0.0012,13.0,518.89,4.07,7.0,2.0,4.0,1.0,24.07288615027778,0.286,0.286,3.0,28,0,2,0.929,0.86,1.0,0,299.0,0
CUST-C99D7821,2024-09-09,True,SMB,Annual,Basic,Organic,SaaS,Canada,113,0,1,0,0,7,1,3,59.0,59.0,0.502,0.502,3.0,-0.0635,9.0,234.33,2.33,0.0,0.0,0.0,0.0,0.0,0.0,0.0,0.0,3,0,0,1.0,0.0,1.0,0,99.0,1
CUST-2F9D34DC,2024-05-21,False,Mid-Market,Annual,Pro,Paid,Manufacturing,UK,224,1,1,1,1,5,5,8,57.38,58.67,0.4666,0.5863,3.1548,0.0323,24.0,215.88,3.12,3.0,1.0,1.0,1.0,23.901378860370368,0.667,0.0,2.0,8,4,2,0.25,22.88,0.5,2,299.0,0
CUST-C8774473,2024-04-09,False,Enterprise,Annual,Enterprise,Paid,Healthcare,US,266,2,1,2,1,3,6,9,40.56,31.0,0.4011,0.3057,-4.05,-0.058,18.0,215.78,2.89,1.0,1.0,3.0,3.0,23.955514784722222,0.0,0.0,1.0,9,0,1,0.889,1.67,1.0,0,999.0,0
CUST-41CA98EC,2024-06-12,False,SMB,Monthly,Pro,Paid,Healthcare,India,202,0,0,1,1,3,4,7,34.0,32.0,0.4011,0.4497,-0.8929,0.0311,27.0,261.14,2.57,5.0,2.0,1.4,1.0,48.622737234666666,0.0,0.4,0.0,7,0,0,1.0,0.0,1.0,0,299.0,0
CUST-EF51A16A,2024-06-23,False,SMB,Monthly,Pro,Partner,Healthcare,US,191,0,0,1,2,3,6,7,61.86,70.67,0.391,0.384,3.6786,0.0195,2.0,214.71,2.14,1.0,1.0,1.0,1.0,38.02269094972222,1.0,0.0,0.0,7,3,1,0.429,21.86,0.5714,3,299.0,0
CUST-1D22B75D,2024-06-14,True,SMB,Annual,Basic,Partner,Healthcare,Canada,200,0,1,0,2,3,1,7,51.71,42.0,0.494,0.4257,-3.75,-0.0317,-24.0,203.14,2.86,4.0,2.0,4.5,4.0,18.657406969930555,0.25,0.0,1.0,7,0,0,1.0,0.0,1.0,0,99.0,1
CUST-BD3EA63A,2022-06-30,False,SMB,Annual,Pro,Organic,SaaS,India,915,0,1,1,0,7,4,31,79.32,76.67,0.7603,0.8033,-0.0601,-0.0001,46.0,519.03,4.23,6.0,2.0,4.166666666666667,3.0,17.211552003518516,0.167,0.167,1.0,31,1,0,0.968,1.48,0.9677,0,299.0,0
CUST-E1AC6D46,2024-10-16,False,Enterprise,Annual,Enterprise,Referral,Manufacturing,India,76,2,1,2,3,5,4,3,26.67,26.67,0.2223,0.2223,-4.5,0.09,10.0,189.67,2.67,0.0,0.0,0.0,0.0,0.0,0.0,0.0,0.0,3,0,0,1.0,0.0,1.0,0,999.0,0
CUST-5CE18F6D,2022-09-25,False,SMB,Monthly,Basic,Paid,Finance,India,828,0,0,0,1,2,4,28,79.43,79.0,0.778,0.7633,0.306,0.0008,26.0,478.79,4.14,3.0,1.0,4.666666666666667,4.0,20.152465566944446,0.0,0.0,0.0,28,0,0,1.0,0.0,1.0,0,99.0,0
CUST-333B705E,2024-01-02,False,Enterprise,Annual,Enterprise,Organic,SaaS,US,364,2,1,2,0,7,6,12,40.33,26.33,0.4036,0.1557,-4.5664,-0.0403,-13.0,123.42,2.58,2.0,2.0,2.0,1.0,6.193635704722222,0.5,0.0,1.0,12,0,0,1.0,0.0,1.0,0,999.0,0
CUST-47A08E5A,2023-12-01,False,SMB,Monthly,Basic,Paid,Manufacturing,Canada,396,0,0,0,1,5,1,13,77.15,88.67,0.7523,0.7733,1.1868,0.01,-5.0,470.46,4.23,3.0,1.0,4.666666666666667,4.0,20.389646537500003,0.333,0.333,1.0,13,0,0,1.0,0.0,1.0,0,99.0,0
CUST-2856CF19,2023-08-14,False,SMB,Monthly,Pro,Organic,E-commerce,UK,505,0,0,1,0,0,5,17,80.18,82.33,0.7366,0.7143,0.0196,-0.0014,22.0,513.12,4.94,4.0,2.0,4.5,4.0,20.789488103333333,0.0,0.25,0.0,17,0,0,1.0,0.0,1.0,0,299.0,0
CUST-B638F7E7,2023-02-12,False,SMB,Annual,Pro,Organic,Healthcare,France,688,0,1,1,0,3,2,23,79.83,73.33,0.7475,0.7097,-0.2757,-0.0007,13.0,494.35,4.39,1.0,1.0,5.0,5.0,23.731145555277777,0.0,1.0,0.0,23,0,2,0.913,0.74,1.0,0,299.0,0
CUST-4E93FC3B,2024-07-26,True,Enterprise,Multi-Year,Enterprise,Referral,Education,Canada,158,2,2,2,3,1,1,5,50.2,48.0,0.3836,0.462,3.5,0.0598,78.0,196.2,2.8,3.0,3.0,2.6666666666666665,1.0,26.45678108509259,0.667,0.0,1.0,5,3,1,0.2,25.2,0.4,1,999.0,1
CUST-1D285BED,2023-01-03,False,SMB,Monthly,Basic,Referral,Manufacturing,US,728,0,0,0,3,5,6,24,78.08,86.0,0.7421,0.7307,-0.1043,-0.0025,18.0,517.25,4.5,5.0,3.0,4.8,4.0,18.896693097055554,0.2,0.2,2.0,24,0,1,0.958,1.12,1.0,0,99.0,0
CUST-0E04BB52,2023-06-24,False,Enterprise,Annual,Enterprise,Partner,Healthcare,Germany,556,2,1,2,2,3,3,19,78.0,79.33,0.7475,0.689,0.7719,-0.0037,2.0,472.95,4.16,3.0,1.0,4.0,3.0,19.851477454537036,0.0,0.333,2.0,19,0,1,0.947,0.95,1.0,0,999.0,0
CUST-237B6B90,2023-07-18,False,SMB,Annual,Basic,Organic,Manufacturing,Germany,532,0,1,0,0,5,3,18,80.56,79.0,0.7513,0.694,-0.2374,0.0005,-4.0,492.5,4.28,3.0,1.0,4.333333333333333,4.0,16.665639164351855,0.0,0.667,2.0,18,0,0,1.0,0.0,1.0,0,99.0,0
CUST-A5705805,2023-01-04,False,Mid-Market,Annual,Pro,Organic,Healthcare,Germany,727,1,1,1,0,3,3,24,80.12,84.67,0.7615,0.766,0.103,-0.0006,14.0,491.75,4.96,6.0,3.0,4.5,3.0,17.65139398564815,0.0,0.167,2.0,24,0,1,0.958,0.25,1.0,0,299.0,0
CUST-025FD446,2024-10-25,False,SMB,Annual,Pro,Partner,SaaS,Australia,67,0,1,1,2,7,0,3,17.33,17.33,0.3023,0.3023,6.0,-0.012,17.0,107.33,2.0,1.0,1.0,4.0,4.0,13.415288856111111,0.0,0.0,1.0,3,1,0,0.667,5.0,0.6667,1,299.0,0
CUST-10283260,2024-04-08,True,SMB,Monthly,Pro,Organic,Logistics,France,267,0,0,1,0,4,2,5,66.4,61.33,0.532,0.517,-3.1,-0.0319,7.0,217.2,2.0,0.0,0.0,0.0,0.0,0.0,0.0,0.0,0.0,5,0,1,0.8,2.2,1.0,0,299.0,1
CUST-3B55B125,2024-01-30,False,SMB,Annual,Basic,Referral,E-commerce,India,336,0,1,0,3,0,4,12,48.67,40.33,0.5196,0.476,0.021,-0.0036,-7.0,160.08,2.83,2.0,2.0,3.5,2.0,10.433152568055556,0.5,0.0,0.0,12,1,4,0.583,7.5,0.9167,0,99.0,0
CUST-F790257E,2024-06-12,False,SMB,Monthly,Pro,Paid,Finance,India,202,0,0,1,1,2,4,7,52.14,44.33,0.4251,0.3593,-3.4643,-0.0396,15.0,145.29,2.57,1.0,1.0,5.0,5.0,32.1542882825,0.0,0.0,0.0,7,0,1,0.857,1.29,1.0,0,299.0,0
CUST-CD00DB1D,2024-03-10,False,Mid-Market,Monthly,Pro,Partner,Retail,US,296,1,0,1,2,6,6,10,50.4,57.0,0.4517,0.3497,1.3939,-0.0157,46.0,231.1,2.0,1.0,1.0,5.0,5.0,24.367269809166665,0.0,0.0,0.0,10,3,3,0.4,22.3,0.7,1,299.0,0
CUST-A9BCE96E,2023-01-25,False,Mid-Market,Monthly,Pro,Partner,Finance,India,706,1,0,1,2,2,4,24,79.46,78.67,0.7438,0.7217,0.1074,-0.0016,-11.0,516.71,4.62,4.0,1.0,4.0,2.0,16.439749136666663,0.0,0.25,0.0,24,0,1,0.958,0.29,1.0,0,299.0,0
CUST-3335C880,2024-04-03,False,Mid-Market,Annual,Enterprise,Organic,Logistics,France,272,1,1,2,0,4,2,9,45.89,32.67,0.4382,0.2503,-3.85,-0.0584,-33.0,158.44,3.0,1.0,1.0,3.0,3.0,9.224580106666666,0.0,0.0,1.0,9,0,0,1.0,0.0,1.0,0,999.0,0
CUST-243A84BB,2023-03-14,False,Mid-Market,Monthly,Pro,Paid,Logistics,France,658,1,0,1,1,4,2,22,79.86,78.33,0.7277,0.8247,-0.0627,0.0053,9.0,517.05,4.73,3.0,2.0,4.666666666666667,4.0,6.466198157037037,0.0,0.0,2.0,22,0,0,1.0,0.0,1.0,0,299.0,0
CUST-3A29A463,2024-05-27,True,Mid-Market,Annual,Pro,Paid,SaaS,Australia,218,1,1,1,1,7,0,5,37.8,39.33,0.4056,0.4233,0.9,0.0225,-13.0,221.0,3.0,3.0,3.0,2.6666666666666665,1.0,61.162410709999996,0.0,0.333,0.0,5,0,1,0.8,1.6,1.0,0,299.0,1
CUST-F8BE959B,2023-10-11,True,SMB,Monthly,Pro,Organic,Healthcare,Germany,447,0,0,1,0,3,3,10,34.3,37.67,0.4072,0.4483,0.6485,0.0144,7.0,152.5,2.8,7.0,4.0,1.8571428571428572,1.0,53.35638853289682,0.143,0.143,2.0,10,1,2,0.7,8.3,0.9,1,299.0,1
CUST-D4BFB41A,2024-02-05,True,Mid-Market,Monthly,Enterprise,Partner,Retail,Germany,330,1,0,2,2,6,3,9,38.0,39.33,0.3967,0.396,0.0167,0.0029,-4.0,254.33,1.78,7.0,5.0,2.5714285714285716,1.0,40.190077889325394,0.286,0.286,4.0,9,0,1,0.889,2.22,1.0,0,999.0,1
CUST-1AF30FAC,2024-04-23,False,Mid-Market,Monthly,Enterprise,Organic,Finance,France,252,1,0,2,0,2,2,9,43.56,32.67,0.4606,0.332,-3.95,-0.0542,10.0,282.33,2.33,2.0,1.0,3.5,3.0,14.618375446250003,0.5,0.0,1.0,9,2,1,0.667,13.11,0.7778,1,999.0,0
CUST-2EF82D7F,2024-02-07,True,SMB,Monthly,Pro,Partner,Healthcare,Australia,328,0,0,1,2,3,0,6,53.67,53.67,0.5307,0.5793,3.8857,0.0618,-35.0,142.67,3.0,0.0,0.0,0.0,0.0,0.0,0.0,0.0,0.0,6,1,1,0.667,10.83,0.8333,0,299.0,1
CUST-57E42BF1,2023-09-15,False,SMB,Annual,Pro,Organic,Healthcare,Germany,473,0,1,1,0,3,3,16,83.19,90.0,0.7313,0.7917,0.4662,0.0012,4.0,474.0,4.0,3.0,2.0,3.3333333333333335,3.0,18.186992357222223,0.0,0.333,0.0,16,0,1,0.938,1.69,1.0,0,299.0,0
CUST-2C369F26,2024-06-12,True,Enterprise,Multi-Year,Enterprise,Partner,Manufacturing,Australia,202,2,2,2,2,5,0,3,31.0,31.0,0.467,0.467,-11.0,-0.0885,-26.0,281.67,2.0,2.0,2.0,3.0,3.0,52.64799293930555,0.0,1.0,1.0,3,0,0,1.0,0.0,1.0,0,999.0,1
CUST-BF4F2283,2024-08-20,False,SMB,Monthly,Basic,Partner,Logistics,Canada,133,0,0,0,2,4,1,5,66.4,56.67,0.5452,0.5503,-6.5,0.0349,30.0,208.2,2.6,3.0,3.0,3.6666666666666665,2.0,22.535076784907407,0.667,0.0,1.0,5,1,2,0.4,18.2,0.8,0,99.0,0
CUST-71EA0EA2,2023-01-22,False,Mid-Market,Annual,Enterprise,Referral,E-commerce,Australia,709,1,1,2,3,0,0,24,81.54,74.0,0.7544,0.7267,-0.3083,-0.0047,-15.0,488.96,3.88,5.0,1.0,4.6,3.0,19.03945694177778,0.0,0.2,0.0,24,0,0,1.0,0.0,1.0,0,999.0,0
CUST-C5D01F7A,2024-06-30,True,SMB,Monthly,Basic,Partner,Finance,Canada,184,0,0,0,2,2,1,5,52.6,47.67,0.4894,0.4963,-5.2,-0.0078,8.0,305.0,1.8,1.0,1.0,3.0,3.0,9.797837704722221,0.0,1.0,0.0,5,0,2,0.6,10.4,1.0,0,99.0,1
CUST-CF0B3ECE,2023-07-16,False,SMB,Monthly,Pro,Partner,Logistics,India,534,0,0,1,2,4,4,18,34.67,37.0,0.3723,0.29,-0.2023,-0.0046,-21.0,204.33,2.72,13.0,5.0,2.4615384615384617,1.0,54.251851833418804,0.154,0.385,1.0,18,1,4,0.722,6.22,0.9444,0,299.0,0
CUST-1C053F19,2024-05-20,False,SMB,Annual,Basic,Referral,Manufacturing,Germany,225,0,1,0,3,5,3,8,77.12,81.67,0.7216,0.786,0.631,0.0258,-7.0,513.38,4.62,3.0,1.0,4.333333333333333,4.0,21.222819955,0.333,0.333,0.0,8,0,0,1.0,0.0,1.0,0,99.0,0
CUST-1F6D37D8,2023-12-20,False,SMB,Monthly,Basic,Paid,Healthcare,Australia,377,0,0,0,1,3,0,13,53.92,45.33,0.5604,0.45,-1.4615,-0.0202,3.0,221.31,2.92,4.0,4.0,2.5,2.0,17.32963344013889,0.75,0.25,1.0,13,3,2,0.462,11.54,0.4615,0,99.0,0
CUST-6586A53E,2023-12-25,False,SMB,Annual,Pro,Partner,Retail,Australia,372,0,1,1,2,6,0,13,32.92,34.33,0.4132,0.4263,-0.3571,0.0012,15.0,199.54,3.08,9.0,5.0,1.7777777777777777,1.0,67.47447879617283,0.0,0.667,3.0,13,1,1,0.846,5.54,0.9231,0,299.0,0
CUST-548387ED,2023-05-29,False,SMB,Annual,Basic,Partner,Finance,US,582,0,1,0,2,2,6,20,82.2,85.33,0.7448,0.7317,0.6406,-0.0023,14.0,469.55,4.95,3.0,2.0,3.3333333333333335,1.0,29.974780980925928,0.0,0.333,0.0,20,0,1,0.95,0.4,1.0,0,99.0,0
CUST-B91F77B1,2024-03-14,True,SMB,Monthly,Pro,Partner,Finance,UK,292,0,0,1,2,2,5,7,32.57,36.0,0.3673,0.347,1.7143,-0.0068,0.0,203.29,2.57,4.0,4.0,2.0,1.0,41.372680841180554,0.25,0.5,1.0,7,0,1,0.857,3.86,1.0,0,299.0,1
CUST-DB4D5878,2023-03-01,False,SMB,Monthly,Basic,Referral,Finance,Canada,671,0,0,0,3,2,1,22,81.86,79.0,0.7481,0.819,0.1146,0.0025,-3.0,503.14,4.73,1.0,1.0,2.0,2.0,13.001045158055556,0.0,0.0,1.0,22,0,2,0.909,1.45,1.0,0,99.0,0
CUST-04B63700,2023-05-18,False,SMB,Monthly,Pro,Paid,Education,Germany,593,0,0,1,1,1,3,20,79.15,79.33,0.7533,0.8137,-0.2023,0.0043,11.0,473.8,4.2,1.0,1.0,5.0,5.0,9.287480678055555,0.0,0.0,1.0,20,0,0,1.0,0.0,1.0,0,299.0,0
CUST-A6A13A12,2023-09-23,True,SMB,Annual,Pro,Organic,Finance,UK,465,0,1,1,0,2,5,12,32.75,33.0,0.3963,0.407,-0.8007,-0.0045,6.0,184.83,2.75,6.0,3.0,2.1666666666666665,1.0,49.929282639907406,0.167,0.333,0.0,12,2,3,0.583,9.0,0.8333,0,299.0,1
CUST-D4FB5752,2024-02-25,True,SMB,Monthly,Basic,Paid,Finance,Germany,310,0,0,0,1,2,3,7,55.0,43.67,0.4754,0.4087,-6.0714,-0.0252,-17.0,247.43,1.57,1.0,1.0,5.0,5.0,14.563917988888889,0.0,0.0,1.0,7,0,0,1.0,0.0,1.0,0,99.0,1
CUST-CE963DC9,2024-02-22,True,Enterprise,Multi-Year,Enterprise,Organic,SaaS,Germany,313,2,2,2,0,7,3,10,41.0,28.67,0.2776,0.2113,-4.7394,-0.0294,-22.0,241.2,2.8,3.0,3.0,3.0,2.0,16.635396782592593,0.333,0.0,0.0,10,0,3,0.7,3.0,1.0,0,999.0,1
CUST-E4383D17,2024-11-08,False,Mid-Market,Annual,Pro,Partner,E-commerce,France,53,1,1,1,2,0,2,2,19.0,19.0,0.291,0.291,0.0,0.0,0.0,190.5,2.0,0.0,0.0,0.0,0.0,0.0,0.0,0.0,0.0,2,0,2,0.0,14.5,1.0,0,299.0,0
CUST-62CD416E,2024-03-12,True,Mid-Market,Multi-Year,Pro,Organic,Finance,Canada,294,1,2,1,0,2,1,5,60.2,58.67,0.505,0.4573,-3.1,-0.0425,-32.0,224.6,2.6,0.0,0.0,0.0,0.0,0.0,0.0,0.0,0.0,5,1,1,0.6,13.8,0.8,1,299.0,1
CUST-50BAE699,2023-03-17,False,SMB,Monthly,Basic,Partner,SaaS,Australia,655,0,0,0,2,7,0,22,77.32,74.33,0.746,0.7097,-0.607,0.0015,3.0,489.14,4.18,2.0,1.0,3.5,3.0,14.984490160972221,0.0,0.0,0.0,22,1,0,0.955,2.0,0.9545,0,99.0,0
CUST-28B4EA66,2024-08-07,True,Mid-Market,Annual,Pro,Organic,SaaS,India,146,1,1,1,0,7,4,4,55.75,57.67,0.4388,0.432,-1.7,-0.0457,-6.0,252.25,1.75,0.0,0.0,0.0,0.0,0.0,0.0,0.0,0.0,4,0,0,1.0,0.0,1.0,0,299.0,1
CUST-FF3D3659,2024-07-06,False,Mid-Market,Monthly,Enterprise,Organic,Finance,India,178,1,0,2,0,2,4,6,55.0,51.67,0.5252,0.493,-2.5143,-0.0043,-9.0,117.17,2.17,2.0,2.0,5.0,5.0,17.317008984999998,0.0,1.0,0.0,6,0,2,0.667,3.17,1.0,0,999.0,0
CUST-6F6BA183,2024-03-01,True,Enterprise,Multi-Year,Enterprise,Partner,E-commerce,US,305,2,2,2,2,0,6,5,47.4,47.67,0.6036,0.6307,2.2,-0.0155,-3.0,168.4,1.6,3.0,3.0,2.3333333333333335,2.0,23.526441622500002,0.333,0.667,0.0,5,0,2,0.6,6.8,1.0,0,999.0,1
CUST-80F94CA2,2024-02-20,False,SMB,Monthly,Basic,Paid,Finance,US,315,0,0,0,1,2,6,11,42.45,28.0,0.3796,0.2377,-3.7182,-0.0355,12.0,177.36,3.18,0.0,0.0,0.0,0.0,0.0,0.0,0.0,0.0,11,1,3,0.636,8.27,0.9091,0,99.0,0
CUST-FDF589B5,2024-11-05,True,SMB,Annual,Basic,Paid,Finance,India,56,0,1,0,1,2,4,2,35.5,35.5,0.392,0.392,0.0,0.0,-15.0,304.5,2.5,0.0,0.0,0.0,0.0,0.0,0.0,0.0,0.0,2,0,1,0.5,8.5,1.0,0,99.0,1
CUST-480AD0C5,2024-03-05,False,Mid-Market,Annual,Pro,Partner,Retail,Canada,301,1,1,1,2,6,1,10,49.7,27.33,0.4178,0.228,-6.6242,-0.046,-1.0,182.3,2.8,0.0,0.0,0.0,0.0,0.0,0.0,0.0,0.0,10,0,3,0.7,6.3,1.0,0,299.0,0
CUST-5B3E642E,2024-02-04,True,Mid-Market,Annual,Pro,Referral,Logistics,Canada,331,1,1,1,3,4,1,6,46.83,41.0,0.5297,0.5303,-5.8571,-0.0277,-9.0,168.83,2.17,2.0,1.0,2.5,2.0,23.089179150972225,0.0,0.0,1.0,6,1,1,0.667,10.5,0.8333,1,299.0,1
CUST-F70BD781,2024-03-13,False,Mid-Market,Multi-Year,Pro,Organic,E-commerce,Germany,293,1,2,1,0,0,3,10,31.4,35.67,0.3979,0.3257,0.0,-0.0136,18.0,222.9,2.8,9.0,1.0,1.8888888888888888,1.0,46.61845555527778,0.0,0.333,1.0,10,0,2,0.8,1.3,1.0,0,299.0,0
CUST-4983C58B,2024-05-16,True,SMB,Monthly,Basic,Organic,Finance,UK,229,0,0,0,0,2,5,5,57.6,52.33,0.49,0.45,-4.3,-0.05,-12.0,209.8,2.8,0.0,0.0,0.0,0.0,0.0,0.0,0.0,0.0,5,0,3,0.4,11.6,1.0,0,99.0,1
CUST-476CCEB3,2023-04-06,False,Mid-Market,Monthly,Pro,Referral,SaaS,Germany,635,1,0,1,3,7,3,21,82.19,85.0,0.7492,0.742,0.3753,0.0019,11.0,500.33,4.9,4.0,1.0,2.75,1.0,11.694649726041666,0.0,0.25,0.0,21,0,1,0.952,0.76,1.0,0,299.0,0
CUST-2B7C4689,2023-11-04,True,Mid-Market,Annual,Pro,Referral,Retail,Australia,423,1,1,1,3,6,0,13,74.46,84.67,0.7557,0.7463,-0.456,-0.0025,17.0,491.15,4.38,0.0,0.0,0.0,0.0,0.0,0.0,0.0,0.0,13,0,0,1.0,0.0,1.0,0,299.0,1
CUST-68538D9C,2024-01-30,False,Mid-Market,Annual,Pro,Referral,Healthcare,Australia,336,1,1,1,3,3,0,12,38.42,21.33,0.3475,0.11,-4.3392,-0.0609,8.0,216.42,2.58,2.0,2.0,5.0,5.0,9.847130520416666,0.0,1.0,1.0,12,0,4,0.667,5.83,1.0,0,299.0,0
CUST-B3B598C5,2024-03-13,False,SMB,Multi-Year,Pro,Referral,Healthcare,US,293,0,2,1,3,3,6,10,72.9,68.0,0.764,0.7197,-1.097,-0.0096,16.0,540.1,5.3,3.0,1.0,4.333333333333333,3.0,15.042373097592593,0.0,0.0,1.0,10,0,1,0.9,1.5,1.0,0,299.0,0
CUST-4A3E2D2E,2022-11-07,False,Mid-Market,Monthly,Pro,Paid,Healthcare,UK,785,1,0,1,1,3,5,26,80.58,82.0,0.7828,0.7587,0.1275,0.0003,28.0,488.23,5.0,0.0,0.0,0.0,0.0,0.0,0.0,0.0,0.0,26,1,1,0.923,2.15,0.9615,0,299.0,0
CUST-6C1B80BF,2023-02-15,False,Enterprise,Multi-Year,Enterprise,Referral,Manufacturing,Germany,685,2,2,2,3,5,3,23,82.52,80.0,0.7362,0.7717,-0.0702,0.0008,18.0,527.61,4.04,3.0,1.0,4.333333333333333,4.0,16.914006836296295,0.0,0.667,1.0,23,0,1,0.957,1.13,1.0,0,999.0,0
CUST-CC850653,2023-03-26,False,SMB,Monthly,Basic,Paid,Logistics,Canada,646,0,0,0,1,4,1,22,87.05,83.33,0.7806,0.7607,-0.1191,0.0023,-5.0,508.64,4.73,2.0,1.0,5.0,5.0,7.439102396111111,0.5,0.0,0.0,22,0,0,1.0,0.0,1.0,0,99.0,0
CUST-1E982A7E,2023-12-09,True,Enterprise,Multi-Year,Enterprise,Paid,Retail,Germany,388,2,2,2,1,6,3,6,51.33,39.33,0.524,0.4113,-6.6857,-0.0579,-12.0,210.17,2.0,0.0,0.0,0.0,0.0,0.0,0.0,0.0,0.0,6,0,1,0.833,2.33,1.0,0,999.0,1
CUST-74D53203,2022-07-16,False,Enterprise,Annual,Enterprise,Partner,Manufacturing,India,899,2,1,2,2,5,4,30,77.13,82.67,0.7498,0.696,-0.0788,-0.0017,8.0,502.27,4.23,3.0,1.0,4.666666666666667,4.0,3.570723207407408,0.0,0.667,0.0,30,0,2,0.933,1.2,1.0,0,999.0,0
CUST-C0D55042,2023-10-02,False,Mid-Market,Multi-Year,Pro,Referral,Logistics,France,456,1,2,1,3,4,2,15,33.0,29.33,0.4212,0.4437,-0.6321,0.0102,-6.0,179.07,2.73,14.0,3.0,2.5714285714285716,1.0,43.491908359365084,0.071,0.5,4.0,15,0,1,0.933,0.73,1.0,0,299.0,0
CUST-FBDE91F1,2024-09-11,False,Enterprise,Annual,Enterprise,Referral,E-commerce,Australia,111,2,1,2,3,0,0,4,35.5,35.0,0.6135,0.6063,5.8,-0.041,-41.0,123.0,2.75,3.0,3.0,3.6666666666666665,3.0,7.51623242074074,0.667,0.333,0.0,4,1,1,0.25,14.0,0.25,1,999.0,0
CUST-4852F5DD,2023-12-28,False,SMB,Monthly,Basic,Paid,Finance,Australia,369,0,0,0,1,2,0,13,71.77,63.0,0.8152,0.8487,0.1099,-0.0034,12.0,538.23,3.23,2.0,1.0,2.5,1.0,16.496961275555556,0.0,0.0,0.0,13,0,0,1.0,0.0,1.0,0,99.0,0
CUST-90BC8A5B,2024-03-22,False,SMB,Monthly,Pro,Partner,E-commerce,India,284,0,0,1,2,0,4,10,34.6,38.33,0.3915,0.392,1.3455,0.0016,-15.0,233.7,3.0,8.0,4.0,1.875,1.0,38.42590376347222,0.125,0.5,1.0,10,0,2,0.8,1.8,1.0,0,299.0,0
CUST-7C113E79,2023-05-07,False,Mid-Market,Multi-Year,Enterprise,Paid,Education,Canada,604,1,2,2,1,1,1,20,79.95,80.0,0.7658,0.7237,-0.2368,-0.0037,21.0,491.7,3.65,4.0,1.0,4.25,3.0,25.63631301604167,0.0,0.25,1.0,20,1,1,0.9,2.65,0.95,0,999.0,0
CUST-A741C315,2023-11-23,True,SMB,Monthly,Basic,Paid,E-commerce,Germany,404,0,0,0,1,0,3,10,40.4,39.33,0.4209,0.4123,-1.1515,-0.0042,20.0,166.8,2.5,6.0,4.0,2.8333333333333335,1.0,40.52721397097222,0.0,0.833,0.0,10,1,1,0.8,3.6,0.9,0,99.0,1
CUST-E4111895,2024-04-02,True,SMB,Annual,Pro,Paid,Education,Germany,273,0,1,1,1,1,3,8,33.62,34.67,0.3718,0.3237,0.8452,-0.0121,9.0,209.5,3.5,7.0,6.0,1.7142857142857142,1.0,38.156249700000004,0.143,0.429,3.0,8,1,2,0.625,7.5,0.875,0,299.0,1
CUST-17A290B4,2023-12-28,False,SMB,Monthly,Pro,Organic,Retail,Australia,369,0,0,1,0,6,0,13,33.85,40.0,0.4164,0.4357,0.6648,0.0022,3.0,192.92,2.15,9.0,4.0,2.111111111111111,1.0,53.42967784679013,0.0,0.667,2.0,13,1,1,0.846,5.15,0.9231,0,299.0,0
CUST-FB4B1ECB,2024-11-15,False,SMB,Monthly,Pro,Paid,Education,Canada,46,0,0,1,1,1,1,2,28.5,28.5,0.323,0.323,0.0,0.0,-13.0,210.5,3.0,0.0,0.0,0.0,0.0,0.0,0.0,0.0,0.0,2,0,0,1.0,0.0,1.0,0,299.0,0
CUST-AE53EBDD,2024-06-10,False,Mid-Market,Monthly,Pro,Partner,Manufacturing,Germany,204,1,0,1,2,5,3,7,57.57,64.67,0.5767,0.4747,3.1429,-0.0518,24.0,144.86,2.0,3.0,3.0,2.6666666666666665,2.0,13.109692701759258,1.0,0.0,1.0,7,1,2,0.571,8.14,0.8571,1,299.0,0
CUST-A9DDE3CE,2024-01-20,False,Mid-Market,Annual,Pro,Organic,Finance,Germany,346,1,1,1,0,2,3,12,77.17,76.33,0.7502,0.7173,0.1399,-0.0111,32.0,503.58,5.17,1.0,1.0,2.0,2.0,30.148029439166667,1.0,0.0,1.0,12,0,0,1.0,0.0,1.0,0,299.0,0
CUST-B3264E22,2024-04-22,True,Mid-Market,Annual,Pro,Paid,Education,Canada,253,1,1,1,1,1,1,7,36.29,37.0,0.3724,0.4,-0.0714,0.0136,-1.0,234.86,3.14,3.0,2.0,1.6666666666666667,1.0,28.279185801481486,0.333,0.333,0.0,7,0,1,0.857,2.14,1.0,0,299.0,1
CUST-EBFE2DD0,2024-07-06,False,SMB,Monthly,Basic,Partner,Retail,US,178,0,0,0,2,6,6,6,57.0,52.33,0.4537,0.467,-4.1143,-0.0021,-29.0,229.17,2.83,1.0,1.0,4.0,4.0,20.64592175388889,0.0,1.0,1.0,6,2,1,0.5,18.0,0.6667,1,99.0,0
CUST-B98F40DB,2024-07-08,False,Mid-Market,Annual,Pro,Organic,Retail,US,176,1,1,1,0,6,6,6,59.33,49.67,0.4537,0.5237,-3.7714,0.0401,43.0,122.17,2.83,2.0,2.0,3.5,3.0,14.616506280972223,0.5,0.0,1.0,6,1,0,0.833,4.17,0.8333,0,299.0,0
CUST-A10523D0,2023-09-28,True,SMB,Annual,Basic,Referral,SaaS,UK,460,0,1,0,3,7,5,8,32.88,33.67,0.3401,0.3343,1.1786,-0.0023,12.0,290.5,2.0,5.0,3.0,2.4,1.0,39.6541834485,0.2,0.0,1.0,8,0,0,1.0,0.0,1.0,0,99.0,1
CUST-CF8949F7,2024-05-31,False,Enterprise,Monthly,Enterprise,Paid,E-commerce,Canada,214,2,0,2,1,0,1,8,48.75,38.0,0.4305,0.3273,-5.381,-0.0428,-21.0,184.25,2.75,1.0,1.0,3.0,3.0,40.10147005527777,0.0,0.0,0.0,8,2,1,0.625,11.25,0.75,2,999.0,0
CUST-D33DC802,2023-04-15,True,Mid-Market,Annual,Enterprise,Referral,Manufacturing,France,626,1,1,2,3,5,2,11,35.64,33.67,0.3575,0.4363,-0.1,0.0164,-11.0,182.09,3.27,8.0,3.0,2.375,1.0,39.11303613055556,0.25,0.25,3.0,11,0,2,0.818,5.0,1.0,0,999.0,1
CUST-4598ADE9,2024-03-20,False,SMB,Monthly,Pro,Referral,Healthcare,US,286,0,0,1,3,3,6,10,49.1,58.33,0.4537,0.6237,4.3939,0.034,-6.0,197.7,2.1,3.0,1.0,3.0,2.0,18.216637613148148,0.667,0.0,1.0,10,3,3,0.4,20.5,0.7,1,299.0,0
CUST-6FD581D1,2024-02-19,True,SMB,Monthly,Basic,Partner,E-commerce,UK,316,0,0,0,2,0,5,8,51.75,36.67,0.4649,0.3513,-6.0476,-0.0376,-14.0,163.25,2.75,3.0,3.0,2.6666666666666665,1.0,10.910277720000002,0.333,0.0,0.0,8,0,2,0.75,5.25,1.0,0,99.0,1
CUST-A2BA2349,2024-05-23,True,SMB,Monthly,Basic,Referral,Logistics,France,222,0,0,0,3,4,2,5,52.8,46.67,0.4868,0.439,-5.4,-0.0279,25.0,227.6,2.8,2.0,2.0,3.0,2.0,23.47557746236111,0.5,0.0,0.0,5,0,0,1.0,0.0,1.0,0,99.0,1
CUST-EC5E43B3,2023-01-05,False,Mid-Market,Monthly,Pro,Paid,Healthcare,India,726,1,0,1,1,3,4,24,78.79,78.33,0.752,0.6923,-0.1996,-0.0055,12.0,482.54,4.25,2.0,2.0,4.5,4.0,10.451277005000001,0.0,0.0,2.0,24,0,1,0.958,0.71,1.0,0,299.0,0
CUST-C7CD7765,2024-04-27,True,Mid-Market,Annual,Pro,Partner,Logistics,France,248,1,1,1,2,4,2,5,58.6,53.33,0.5336,0.47,-3.3,-0.0704,3.0,216.2,3.0,0.0,0.0,0.0,0.0,0.0,0.0,0.0,0.0,5,0,1,0.8,5.4,1.0,0,299.0,1
CUST-C6D6FEBC,2023-04-20,False,Mid-Market,Annual,Pro,Organic,Manufacturing,US,621,1,1,1,0,5,6,21,77.19,83.33,0.7452,0.7923,0.3727,-0.0005,-22.0,510.57,4.33,4.0,3.0,3.5,3.0,17.303631237569444,0.75,0.0,1.0,21,0,2,0.905,2.57,1.0,0,299.0,0
CUST-16811262,2022-02-05,False,Mid-Market,Annual,Enterprise,Paid,Finance,UK,1060,1,1,2,1,2,5,35,80.26,75.67,0.7587,0.6417,0.0591,-0.0014,16.0,477.69,4.34,3.0,1.0,3.6666666666666665,1.0,20.598173692777777,0.0,0.333,0.0,35,0,0,1.0,0.0,1.0,0,999.0,0
CUST-0AE8052F,2024-05-03,True,Enterprise,Multi-Year,Enterprise,Paid,Retail,Canada,242,2,2,2,1,6,1,5,44.0,45.67,0.222,0.2903,4.9,0.043,15.0,222.2,3.2,3.0,3.0,4.0,3.0,21.145545882314813,0.667,0.0,0.0,5,1,1,0.6,12.2,0.8,1,999.0,1
CUST-4FF2F960,2023-09-18,False,Mid-Market,Annual,Pro,Paid,SaaS,France,470,1,1,1,1,7,2,16,30.44,27.33,0.4362,0.4697,-0.1632,-0.0054,-2.0,206.44,2.31,10.0,2.0,3.0,1.0,58.46649790936111,0.2,0.6,1.0,16,1,1,0.875,2.31,0.9375,0,299.0,0
CUST-20E58CF7,2024-03-30,False,SMB,Annual,Basic,Paid,E-commerce,India,276,0,1,0,1,0,4,10,34.2,36.33,0.4045,0.4103,-0.2061,0.006,8.0,255.1,2.3,8.0,3.0,2.25,1.0,48.530114555312494,0.0,0.625,3.0,10,0,0,1.0,0.0,1.0,0,99.0,0
CUST-6E722E57,2024-11-02,False,SMB,Annual,Basic,Paid,E-commerce,India,59,0,1,0,1,0,4,2,18.0,18.0,0.363,0.363,0.0,0.0,16.0,295.5,1.5,1.0,1.0,4.0,4.0,17.370317256388887,1.0,0.0,0.0,2,0,1,0.5,3.5,1.0,0,99.0,0
CUST-92E08D86,2023-07-15,False,SMB,Monthly,Basic,Organic,Retail,France,535,0,0,0,0,6,2,18,31.5,36.0,0.4028,0.4123,0.1022,0.0016,-4.0,247.67,3.0,12.0,4.0,2.9166666666666665,1.0,44.458453676828704,0.0,0.583,2.0,18,0,3,0.833,3.39,1.0,0,99.0,0
CUST-6E256C2A,2024-05-02,True,Mid-Market,Annual,Pro,Organic,Logistics,Canada,243,1,1,1,0,4,1,8,46.38,32.67,0.4706,0.4267,-3.4167,-0.029,5.0,241.5,2.0,1.0,1.0,1.0,1.0,1.0,0.0,1.0,0.0,8,0,0,1.0,0.0,1.0,0,299.0,1
CUST-A782E551,2023-09-25,True,Enterprise,Annual,Enterprise,Referral,Education,Australia,463,2,1,2,3,1,0,13,35.85,10.0,0.3345,0.0673,-4.9011,-0.045,13.0,236.38,2.46,0.0,0.0,0.0,0.0,0.0,0.0,0.0,0.0,13,0,4,0.692,3.62,1.0,0,999.0,1
CUST-E72D69EC,2024-10-20,False,Enterprise,Multi-Year,Enterprise,Referral,Logistics,France,72,2,2,2,3,4,2,3,18.0,18.0,0.2733,0.2733,11.0,0.135,-1.0,200.0,3.0,1.0,1.0,3.0,3.0,11.618511949444445,0.0,0.0,0.0,3,0,1,0.667,2.0,1.0,0,999.0,0
CUST-390C703E,2023-08-21,False,SMB,Monthly,Basic,Organic,E-commerce,India,498,0,0,0,0,0,4,17,81.06,80.67,0.7202,0.7407,0.2034,0.0027,-23.0,490.59,4.82,4.0,1.0,4.75,4.0,15.291681980833335,0.5,0.0,0.0,17,1,1,0.882,3.65,0.9412,0,99.0,0
CUST-403EA060,2023-01-18,False,Mid-Market,Monthly,Enterprise,Referral,E-commerce,UK,713,1,0,2,3,0,5,24,78.96,96.67,0.7151,0.646,0.5343,-0.0031,13.0,508.21,4.54,4.0,2.0,4.5,4.0,18.20465879361111,0.25,0.25,1.0,24,0,2,0.917,2.46,1.0,0,999.0,0
CUST-A9440A5C,2024-10-15,True,SMB,Annual,Pro,Partner,Manufacturing,Canada,77,0,1,1,2,5,1,3,23.67,23.67,0.395,0.395,-12.5,-0.1495,-7.0,174.67,2.0,1.0,1.0,4.0,4.0,8.920821298611111,0.0,1.0,0.0,3,1,0,0.667,5.67,0.6667,1,299.0,1
CUST-22508FB1,2024-01-11,False,Enterprise,Multi-Year,Enterprise,Paid,Manufacturing,Australia,355,2,2,2,1,5,0,12,34.0,13.0,0.3252,0.164,-4.9021,-0.0386,-3.0,178.58,2.67,0.0,0.0,0.0,0.0,0.0,0.0,0.0,0.0,12,1,2,0.75,7.67,0.9167,0,999.0,0
CUST-3B577C28,2024-06-29,True,SMB,Annual,Basic,Organic,SaaS,US,185,0,1,0,0,7,6,5,37.4,42.0,0.419,0.446,1.7,0.0082,7.0,254.4,2.6,3.0,3.0,2.0,1.0,59.028841926574074,0.0,0.667,3.0,5,0,1,0.8,3.0,1.0,0,99.0,1
CUST-3DBB913B,2024-05-11,True,Mid-Market,Annual,Pro,Organic,E-commerce,Australia,234,1,1,1,0,0,0,5,59.0,52.0,0.492,0.49,-6.4,-0.038,-10.0,264.4,1.8,0.0,0.0,0.0,0.0,0.0,0.0,0.0,0.0,5,0,0,1.0,0.0,1.0,0,299.0,1
CUST-40767595,2024-05-14,True,SMB,Annual,Basic,Organic,Retail,Canada,231,0,1,0,0,6,1,8,41.88,30.33,0.6202,0.5527,-3.869,-0.0268,-2.0,233.38,3.5,2.0,2.0,2.0,1.0,17.78654163763889,1.0,0.0,1.0,8,0,4,0.5,9.5,1.0,0,99.0,1
CUST-1F11D528,2024-11-03,True,SMB,Monthly,Basic,Organic,SaaS,Germany,58,0,0,0,0,7,3,2,30.5,30.5,0.393,0.393,0.0,0.0,-11.0,279.5,2.5,1.0,1.0,3.0,3.0,18.171258099722223,1.0,0.0,1.0,2,0,0,1.0,0.0,1.0,0,99.0,1
CUST-DDFDAC22,2023-01-20,False,Mid-Market,Annual,Pro,Referral,Healthcare,Germany,711,1,1,1,3,3,3,24,75.46,80.0,0.7555,0.842,0.35,0.0027,30.0,513.79,4.25,2.0,1.0,4.5,4.0,13.629502613749999,0.0,0.5,0.0,24,0,1,0.958,0.79,1.0,0,299.0,0
CUST-AF33E8AF,2023-12-29,False,SMB,Annual,Pro,Partner,Logistics,India,368,0,1,1,2,4,4,13,32.38,30.0,0.4104,0.401,-1.4341,0.0012,0.0,191.46,2.08,9.0,3.0,1.8888888888888888,1.0,44.5920150257716,0.111,0.222,4.0,13,1,0,0.923,4.0,0.9231,0,299.0,0
CUST-FA7173E0,2024-08-04,True,SMB,Monthly,Basic,Referral,Retail,India,149,0,0,0,3,6,4,3,21.67,21.67,0.4453,0.4453,-8.5,0.1235,9.0,319.33,2.67,0.0,0.0,0.0,0.0,0.0,0.0,0.0,0.0,3,1,0,0.667,13.0,0.6667,1,99.0,1
CUST-857C403D,2024-02-01,True,Mid-Market,Annual,Enterprise,Partner,Retail,US,334,1,1,2,2,6,6,5,59.2,65.33,0.5512,0.478,2.2,-0.0641,-23.0,106.4,2.6,0.0,0.0,0.0,0.0,0.0,0.0,0.0,0.0,5,1,0,0.8,7.6,0.8,0,999.0,1
CUST-55017727,2023-01-22,False,SMB,Monthly,Pro,Referral,Finance,UK,709,0,0,1,3,2,5,24,76.58,72.67,0.7647,0.827,-0.2591,0.0005,14.0,503.04,4.71,1.0,1.0,5.0,5.0,13.98557943972222,0.0,1.0,0.0,24,0,1,0.958,0.29,1.0,0,299.0,0
CUST-FEB42B9A,2024-03-15,False,SMB,Monthly,Basic,Organic,Retail,US,291,0,0,0,0,6,6,10,58.5,46.67,0.4706,0.5597,-1.4485,0.0154,3.0,233.8,2.7,4.0,2.0,3.0,2.0,12.786058302638889,0.75,0.0,1.0,10,3,2,0.5,11.2,0.7,0,99.0,0
CUST-B20EBBCE,2023-11-30,False,Mid-Market,Multi-Year,Pro,Organic,Logistics,India,397,1,2,1,0,4,4,14,36.5,27.0,0.3775,0.182,-2.2,-0.0424,-16.0,163.14,3.36,2.0,2.0,2.5,2.0,19.843975103055556,0.0,0.0,1.0,14,0,1,0.929,1.57,1.0,0,299.0,0
CUST-0DCA501A,2024-10-17,False,SMB,Monthly,Pro,Referral,Finance,US,75,0,0,1,3,2,6,3,25.67,25.67,0.224,0.224,-0.5,-0.062,-7.0,195.67,3.33,0.0,0.0,0.0,0.0,0.0,0.0,0.0,0.0,3,0,0,1.0,0.0,1.0,0,299.0,0
CUST-5CD2CF25,2024-01-25,False,Mid-Market,Monthly,Pro,Partner,Finance,Germany,341,1,0,1,2,2,3,12,36.42,16.33,0.4146,0.1673,-3.3322,-0.0473,-5.0,168.17,3.33,3.0,1.0,3.0,2.0,10.233026188518519,0.0,0.333,0.0,12,1,0,0.917,1.42,0.9167,0,299.0,0
CUST-026B03F5,2024-05-01,False,SMB,Annual,Basic,Referral,SaaS,Canada,244,0,1,0,3,7,1,8,62.25,51.67,0.4122,0.4163,-1.1667,-0.0086,9.0,224.75,3.12,4.0,4.0,3.5,3.0,21.401621535625,0.5,0.25,0.0,8,0,1,0.875,0.75,1.0,0,99.0,0
CUST-33D12AB6,2024-12-01,False,SMB,Annual,Basic,Referral,E-commerce,France,30,0,1,0,3,0,2,1,27.0,27.0,0.463,0.463,0.0,0.0,0.0,79.0,2.0,1.0,1.0,3.0,3.0,27.364243503333334,0.0,0.0,0.0,1,0,0,1.0,0.0,1.0,0,99.0,0
CUST-F74FB13E,2023-02-23,False,Mid-Market,Annual,Pro,Referral,Manufacturing,US,677,1,1,1,3,5,6,23,77.61,74.0,0.7522,0.7223,-0.1265,-0.0032,-27.0,524.35,4.65,1.0,1.0,5.0,5.0,1.0,1.0,0.0,1.0,23,0,0,1.0,0.0,1.0,0,299.0,0
CUST-6341A0AC,2024-02-17,True,SMB,Annual,Basic,Organic,Healthcare,France,318,0,1,0,0,3,2,7,46.71,38.0,0.4466,0.296,-4.5714,-0.0547,-30.0,179.0,3.57,1.0,1.0,5.0,5.0,1.0,0.0,0.0,0.0,7,0,0,1.0,0.0,1.0,0,99.0,1
CUST-F76396D4,2024-04-05,True,SMB,Annual,Pro,Partner,Manufacturing,Germany,270,0,1,1,2,5,3,6,44.0,39.33,0.4418,0.4293,2.4,-0.0307,-19.0,155.33,1.67,4.0,4.0,3.25,1.0,17.862916089930554,0.75,0.0,1.0,6,1,2,0.5,11.67,0.8333,1,299.0,1
CUST-21FA7A73,2024-11-24,False,SMB,Monthly,Basic,Referral,Healthcare,UK,37,0,0,0,3,3,5,2,20.5,20.5,0.2065,0.2065,0.0,0.0,-5.0,174.5,3.5,0.0,0.0,0.0,0.0,0.0,0.0,0.0,0.0,2,0,0,1.0,0.0,1.0,0,99.0,0
CUST-DB99D8E1,2024-05-09,True,SMB,Monthly,Pro,Referral,Healthcare,India,236,0,0,1,3,3,4,4,36.0,32.0,0.3785,0.364,-6.0,-0.0244,-6.0,283.5,3.5,3.0,3.0,2.6666666666666665,2.0,48.5917630962037,0.333,0.0,1.0,4,0,0,1.0,0.0,1.0,0,299.0,1
CUST-AC0F0D2D,2024-02-07,True,SMB,Monthly,Pro,Partner,Logistics,Canada,328,0,0,1,2,4,1,7,58.71,66.67,0.4571,0.4177,5.3929,-0.034,49.0,165.43,3.43,2.0,2.0,4.5,4.0,27.094570431805558,0.5,0.0,0.0,7,3,0,0.429,19.43,0.2857,3,299.0,1
CUST-38550C38,2024-04-28,True,SMB,Monthly,Basic,Paid,Manufacturing,France,247,0,0,0,1,5,2,5,56.4,54.0,0.4564,0.348,-2.8,-0.112,30.0,202.6,1.8,1.0,1.0,1.0,1.0,13.057148173333333,1.0,0.0,0.0,5,0,0,1.0,0.0,1.0,0,99.0,1
CUST-8708EEE6,2024-03-05,True,SMB,Annual,Basic,Partner,E-commerce,Canada,301,0,1,0,2,0,1,9,51.0,67.33,0.5076,0.4093,2.0667,-0.0043,-24.0,220.67,3.22,6.0,3.0,3.3333333333333335,1.0,21.69252216050926,0.833,0.0,2.0,9,2,2,0.556,10.11,0.7778,1,99.0,1
CUST-D1EDBD61,2024-01-14,False,Enterprise,Annual,Enterprise,Paid,Healthcare,France,352,2,1,2,1,3,2,12,32.42,37.0,0.4239,0.493,0.0874,0.0101,23.0,164.75,2.75,8.0,2.0,3.125,1.0,43.854016297361106,0.25,0.375,1.0,12,1,3,0.667,6.42,0.9167,0,999.0,0
CUST-BD279CCF,2023-05-06,False,Enterprise,Multi-Year,Enterprise,Partner,Manufacturing,France,605,2,2,2,2,5,2,20,81.2,75.33,0.7546,0.7247,-1.0632,-0.0036,22.0,449.0,4.6,4.0,1.0,4.75,4.0,15.24587107201389,0.0,0.25,3.0,20,0,1,0.95,0.75,1.0,0,999.0,0
CUST-3CC446D7,2023-10-10,True,SMB,Monthly,Basic,Partner,Finance,India,448,0,0,0,2,2,4,9,32.67,36.33,0.4179,0.3873,0.8333,-0.0168,11.0,263.11,3.0,6.0,1.0,2.8333333333333335,1.0,51.01758855180555,0.333,0.5,0.0,9,1,1,0.778,6.33,0.8889,0,99.0,1
CUST-C17FE7B1,2023-08-12,False,SMB,Monthly,Basic,Partner,SaaS,France,507,0,0,0,2,7,2,17,77.76,75.33,0.7483,0.7437,-0.473,0.0013,10.0,499.12,4.76,4.0,3.0,4.25,4.0,12.134220941180555,0.25,0.25,0.0,17,1,0,0.941,2.71,0.9412,0,99.0,0
CUST-2A27308C,2024-02-27,False,SMB,Monthly,Basic,Paid,Manufacturing,UK,308,0,0,0,1,5,5,11,38.82,16.33,0.3837,0.1323,-5.0,-0.0638,-8.0,153.73,2.45,0.0,0.0,0.0,0.0,0.0,0.0,0.0,0.0,11,0,4,0.636,6.45,1.0,0,99.0,0
CUST-A2AC5589,2024-04-17,False,Mid-Market,Monthly,Enterprise,Organic,SaaS,Australia,258,1,0,2,0,7,0,9,44.89,28.67,0.402,0.3093,-5.9167,-0.0284,-2.0,231.33,2.0,0.0,0.0,0.0,0.0,0.0,0.0,0.0,0.0,9,0,2,0.778,3.78,1.0,0,999.0,0
CUST-F6575D62,2024-05-28,False,SMB,Monthly,Basic,Organic,Retail,India,217,0,0,0,0,6,4,8,27.25,18.67,0.5181,0.614,-2.2857,0.0604,-15.0,223.88,2.5,6.0,5.0,3.6666666666666665,2.0,23.545557505648148,0.667,0.333,1.0,8,1,3,0.5,10.25,0.875,0,99.0,0
CUST-7D6F35A2,2024-04-03,True,SMB,Multi-Year,Pro,Organic,Manufacturing,Canada,272,0,2,1,0,5,1,8,47.12,39.0,0.458,0.2967,-5.0119,-0.0543,-18.0,214.12,2.5,1.0,1.0,3.0,3.0,11.15309689111111,1.0,0.0,1.0,8,2,0,0.75,11.38,0.75,1,299.0,1
CUST-A0EBD43E,2024-10-29,False,SMB,Annual,Basic,Partner,Retail,Germany,63,0,1,0,2,6,3,3,38.0,38.0,0.2983,0.2983,-6.5,-0.0475,-35.0,234.67,2.67,1.0,1.0,2.0,2.0,15.620217968055556,0.0,0.0,1.0,3,0,1,0.667,3.33,1.0,0,99.0,0
CUST-75C520A8,2024-03-07,True,SMB,Monthly,Pro,Organic,Education,India,299,0,0,1,0,1,4,5,30.8,34.33,0.3554,0.3597,2.4,-0.0014,-3.0,204.6,2.2,3.0,3.0,1.3333333333333333,1.0,62.35994840425926,0.0,0.333,1.0,5,0,2,0.6,7.2,1.0,0,299.0,1
CUST-09166D45,2023-09-07,False,Mid-Market,Annual,Pro,Partner,Retail,France,481,1,1,1,2,6,2,16,37.62,37.0,0.3908,0.3713,-0.1412,0.0061,7.0,208.88,3.0,14.0,1.0,2.642857142857143,1.0,57.80865834630953,0.143,0.5,3.0,16,0,3,0.812,3.31,1.0,0,299.0,0
CUST-57EF57AB,2024-07-02,False,Mid-Market,Monthly,Pro,Organic,Healthcare,India,182,1,0,1,0,3,4,6,57.5,68.0,0.5395,0.6573,3.2286,0.0467,-2.0,189.83,2.83,3.0,3.0,3.6666666666666665,3.0,14.705796479907407,0.667,0.333,1.0,6,2,0,0.667,12.0,0.6667,2,299.0,0
CUST-551CE1F0,2024-03-23,False,SMB,Monthly,Basic,Partner,Healthcare,Australia,283,0,0,0,2,3,0,10,38.5,21.33,0.3578,0.2687,-3.8485,-0.0282,-11.0,213.6,2.7,3.0,2.0,3.0,2.0,19.0092984725,0.0,0.0,1.0,10,0,5,0.5,8.0,1.0,0,99.0,0
CUST-18CF1AFF,2024-03-03,True,SMB,Monthly,Basic,Paid,Manufacturing,Canada,303,0,0,0,1,5,1,9,39.11,38.67,0.3879,0.352,0.0667,-0.0125,-6.0,219.22,3.11,7.0,5.0,3.2857142857142856,1.0,48.300786725198414,0.0,0.714,2.0,9,0,4,0.556,9.67,1.0,0,99.0,1
CUST-E00871DA,2022-08-24,False,SMB,Monthly,Pro,Organic,Finance,Australia,860,0,0,1,0,2,0,29,81.31,72.33,0.7634,0.8537,-0.0202,0.0002,-20.0,536.79,4.59,7.0,1.0,4.428571428571429,4.0,21.44440533579365,0.0,0.0,3.0,29,1,2,0.897,2.59,0.9655,0,299.0,0
CUST-259EF8DA,2024-10-29,False,Mid-Market,Annual,Enterprise,Referral,Finance,Germany,63,1,1,2,3,2,3,3,25.0,25.0,0.2917,0.2917,3.5,0.0745,20.0,139.33,1.67,1.0,1.0,4.0,4.0,19.2295425275,0.0,0.0,0.0,3,0,1,0.667,2.67,1.0,0,999.0,0
CUST-F9D7540B,2023-09-30,True,SMB,Monthly,Basic,Organic,Healthcare,Canada,458,0,0,0,0,3,1,14,34.21,36.33,0.4064,0.349,0.9736,-0.0138,14.0,208.21,2.57,12.0,5.0,2.5,1.0,50.025115705370375,0.083,0.583,4.0,14,1,2,0.786,4.71,0.9286,0,99.0,1
CUST-B192AB61,2024-02-03,False,Mid-Market,Multi-Year,Enterprise,Paid,E-commerce,Germany,332,1,2,2,1,0,3,11,82.55,77.33,0.7683,0.7277,-0.1182,-0.0059,-10.0,527.09,4.45,1.0,1.0,5.0,5.0,12.347466795833334,0.0,0.0,0.0,11,0,0,1.0,0.0,1.0,0,999.0,0
CUST-0A73550C,2023-12-19,True,SMB,Monthly,Basic,Paid,Finance,France,378,0,0,0,1,2,2,13,31.54,35.33,0.4115,0.3637,0.3077,-0.0033,-16.0,246.77,2.38,11.0,5.0,2.8181818181818183,1.0,51.31877972785353,0.091,0.727,4.0,13,1,2,0.769,7.08,0.9231,1,99.0,1
CUST-2592779E,2024-10-16,True,SMB,Monthly,Basic,Paid,Manufacturing,Canada,76,0,0,0,1,5,1,3,15.33,15.33,0.2193,0.2193,20.0,-0.005,34.0,253.33,1.33,0.0,0.0,0.0,0.0,0.0,0.0,0.0,0.0,3,0,0,1.0,0.0,1.0,0,99.0,1
CUST-3CCA0218,2024-04-19,False,SMB,Annual,Basic,Paid,Logistics,US,256,0,1,0,1,4,6,9,67.56,77.33,0.5646,0.6267,5.4333,0.0366,41.0,211.44,3.11,3.0,2.0,3.0,1.0,10.394669844537036,1.0,0.0,1.0,9,4,1,0.444,22.78,0.5556,1,99.0,0
CUST-46A08B6A,2023-09-27,False,SMB,Monthly,Basic,Organic,Manufacturing,Germany,461,0,0,0,0,5,3,16,33.25,21.67,0.3878,0.4227,-0.7765,0.0043,-7.0,215.38,2.62,13.0,3.0,2.3846153846153846,1.0,47.88769893047009,0.154,0.462,4.0,16,0,1,0.938,1.06,1.0,0,99.0,0
CUST-B9CF28B9,2023-08-13,False,SMB,Monthly,Pro,Organic,SaaS,Australia,506,0,0,1,0,7,0,17,74.94,75.67,0.7462,0.7023,0.0539,-0.0009,1.0,538.71,5.06,2.0,1.0,4.5,4.0,7.8029149844444445,0.0,0.0,0.0,17,0,1,0.941,0.35,1.0,0,299.0,0
CUST-F8A62E0B,2022-08-31,False,SMB,Monthly,Basic,Paid,SaaS,Australia,853,0,0,0,1,7,0,29,78.69,75.67,0.7432,0.7677,-0.1074,0.0006,-22.0,468.34,4.83,1.0,1.0,5.0,5.0,16.5499260625,0.0,1.0,0.0,29,1,1,0.931,1.28,0.9655,0,99.0,0
CUST-5DF2BA94,2022-03-24,False,Enterprise,Multi-Year,Enterprise,Referral,E-commerce,UK,1013,2,2,2,3,0,5,34,82.74,98.67,0.75,0.792,0.0432,0.0003,0.0,477.41,4.74,2.0,1.0,5.0,5.0,18.831365058472223,0.0,0.0,1.0,34,1,0,0.971,1.41,0.9706,0,999.0,0
CUST-E61F56C8,2024-02-24,True,SMB,Multi-Year,Basic,Referral,Manufacturing,France,311,0,2,0,3,5,2,8,35.75,31.0,0.4371,0.4567,-1.4524,0.0072,-27.0,163.88,3.0,5.0,5.0,3.2,2.0,62.35178358166668,0.0,0.2,1.0,8,0,3,0.625,7.25,1.0,0,99.0,1
CUST-B1080CF2,2024-11-10,True,Mid-Market,Multi-Year,Pro,Referral,Healthcare,Germany,51,1,2,1,3,3,3,2,14.5,14.5,0.269,0.269,0.0,0.0,-3.0,186.0,4.5,0.0,0.0,0.0,0.0,0.0,0.0,0.0,0.0,2,0,0,1.0,0.0,1.0,0,299.0,1
CUST-93E4160A,2023-08-17,False,Enterprise,Multi-Year,Enterprise,Organic,Logistics,India,502,2,2,2,0,4,4,17,33.76,36.33,0.4006,0.402,-0.2181,-0.0015,-5.0,201.88,3.12,11.0,3.0,2.3636363636363638,1.0,47.85810461469698,0.0,0.455,2.0,17,1,3,0.765,3.24,0.9412,1,999.0,0
CUST-ED8B80CD,2022-07-31,False,SMB,Monthly,Basic,Organic,Education,Germany,884,0,0,0,0,1,3,30,80.9,76.67,0.7367,0.743,-0.3473,-0.001,2.0,471.47,4.5,4.0,1.0,3.75,1.0,20.658964650972223,0.0,0.0,1.0,30,0,1,0.967,0.93,1.0,0,99.0,0
CUST-687530FC,2024-11-11,False,SMB,Monthly,Pro,Partner,Logistics,Germany,50,0,0,1,2,4,3,2,23.0,23.0,0.247,0.247,0.0,0.0,-2.0,234.0,4.5,1.0,1.0,2.0,2.0,38.369870106388895,0.0,0.0,0.0,2,0,0,1.0,0.0,1.0,0,299.0,0
CUST-915FE95F,2023-07-26,False,SMB,Monthly,Basic,Paid,Healthcare,Canada,524,0,0,0,1,3,1,18,79.61,89.0,0.7749,0.747,0.5108,-0.0029,-7.0,472.72,4.33,3.0,2.0,3.6666666666666665,3.0,20.75871317009259,0.333,0.333,1.0,18,0,0,1.0,0.0,1.0,0,99.0,0
CUST-E13F4838,2024-02-15,False,Mid-Market,Annual,Pro,Partner,Healthcare,US,320,1,1,1,2,3,6,11,33.91,36.67,0.4075,0.381,1.4091,-0.0046,3.0,177.64,2.18,9.0,5.0,3.3333333333333335,2.0,44.39105975780864,0.333,0.556,2.0,11,0,2,0.818,4.27,1.0,0,299.0,0
CUST-FA44546C,2024-11-26,True,SMB,Monthly,Basic,Partner,E-commerce,India,35,0,0,0,2,0,4,2,26.5,26.5,0.393,0.393,0.0,0.0,31.0,316.5,2.0,0.0,0.0,0.0,0.0,0.0,0.0,0.0,0.0,2,0,0,1.0,0.0,1.0,0,99.0,1
CUST-D0152DEC,2024-05-28,False,SMB,Monthly,Basic,Partner,Logistics,Germany,217,0,0,0,2,4,3,8,45.5,28.33,0.4502,0.3343,-7.0952,-0.0533,11.0,187.38,2.12,1.0,1.0,4.0,4.0,25.905679764166667,1.0,0.0,0.0,8,0,1,0.875,2.0,1.0,0,99.0,0
CUST-50A38481,2024-07-10,True,SMB,Monthly,Pro,Paid,Retail,Germany,174,0,0,1,1,6,3,6,37.5,34.33,0.5178,0.6503,-2.6571,0.0648,45.0,172.67,2.83,1.0,1.0,4.0,4.0,33.022402338333336,0.0,0.0,0.0,6,1,0,0.833,8.17,0.8333,0,299.0,1
CUST-7A83033A,2023-09-27,True,Mid-Market,Annual,Pro,Organic,Education,Australia,461,1,1,1,0,1,0,12,80.17,84.33,0.8022,0.7673,0.5035,0.0013,-17.0,510.0,4.42,3.0,2.0,4.0,3.0,18.00024544333333,0.0,0.333,2.0,12,0,1,0.917,1.5,1.0,0,299.0,1
CUST-1D7537E3,2024-03-10,True,SMB,Monthly,Basic,Paid,Manufacturing,Germany,296,0,0,0,1,5,3,8,48.25,31.67,0.4345,0.3287,-7.119,-0.0444,3.0,235.25,2.75,1.0,1.0,3.0,3.0,10.50619889361111,1.0,0.0,1.0,8,0,4,0.5,9.12,1.0,0,99.0,1
CUST-A0A0D525,2023-03-30,False,SMB,Annual,Basic,Referral,Healthcare,India,642,0,1,0,3,3,4,22,79.45,88.33,0.744,0.693,0.14,0.0005,13.0,495.05,4.36,4.0,1.0,3.75,3.0,20.594362942916664,0.0,0.0,1.0,22,0,0,1.0,0.0,1.0,0,99.0,0
CUST-2FA9DACF,2023-12-31,False,Mid-Market,Annual,Enterprise,Partner,Manufacturing,Germany,366,1,1,2,2,5,3,13,52.08,45.67,0.5421,0.566,-0.1813,-0.0019,35.0,184.85,2.85,5.0,3.0,3.6,2.0,20.213993374722225,0.6,0.2,1.0,13,0,8,0.385,14.85,1.0,0,999.0,0
CUST-4034BB5A,2023-11-07,False,SMB,Monthly,Pro,Referral,SaaS,US,420,0,0,1,3,7,6,14,78.07,76.0,0.7942,0.8313,-0.3495,0.0068,5.0,509.36,4.64,4.0,1.0,4.75,4.0,15.032883435486113,0.0,0.0,1.0,14,1,0,0.929,2.71,0.9286,0,299.0,0
CUST-78DA6240,2024-10-15,False,Mid-Market,Annual,Enterprise,Referral,E-commerce,Australia,77,1,1,2,3,0,0,3,32.67,32.67,0.2917,0.2917,0.0,0.026,-5.0,65.0,2.0,0.0,0.0,0.0,0.0,0.0,0.0,0.0,0.0,3,0,1,0.667,10.0,1.0,0,999.0,0
CUST-A4954F49,2024-03-26,True,SMB,Monthly,Pro,Partner,Finance,France,280,0,0,1,2,2,2,9,37.44,18.67,0.4721,0.3523,-5.0667,-0.035,-17.0,232.89,2.56,0.0,0.0,0.0,0.0,0.0,0.0,0.0,0.0,9,0,1,0.889,2.78,1.0,0,299.0,1
CUST-98A65617,2023-05-20,True,Mid-Market,Annual,Pro,Referral,Manufacturing,Germany,591,1,1,1,3,5,3,10,76.2,72.67,0.7535,0.727,-1.7455,0.0036,-2.0,477.5,4.1,3.0,2.0,3.0,1.0,21.315926882962962,0.667,0.0,0.0,10,0,0,1.0,0.0,1.0,0,299.0,1
CUST-5C29EB12,2023-01-10,False,Mid-Market,Monthly,Pro,Partner,Healthcare,UK,721,1,0,1,2,3,5,24,82.5,78.0,0.7801,0.7367,-0.1887,0.002,22.0,504.88,4.88,3.0,1.0,3.3333333333333335,3.0,21.88923133287037,0.0,0.333,0.0,24,0,0,1.0,0.0,1.0,0,299.0,0
CUST-A92303AA,2023-11-30,False,Mid-Market,Annual,Enterprise,Referral,Logistics,France,397,1,1,2,3,4,2,14,74.93,69.0,0.7743,0.7683,0.2044,-0.001,6.0,501.43,4.43,1.0,1.0,4.0,4.0,12.684998076388888,0.0,1.0,0.0,14,0,0,1.0,0.0,1.0,0,999.0,0
CUST-1660008C,2024-02-01,False,Mid-Market,Monthly,Pro,Organic,Manufacturing,Australia,334,1,0,1,0,5,0,11,41.45,24.67,0.3784,0.2907,-4.2818,-0.03,-11.0,183.73,2.18,1.0,1.0,3.0,3.0,25.888924663055555,0.0,0.0,0.0,11,1,3,0.636,7.73,0.9091,0,299.0,0
CUST-67807E92,2024-02-21,True,SMB,Annual,Basic,Referral,Logistics,Germany,314,0,1,0,3,4,3,9,46.22,30.67,0.4257,0.276,-5.9833,-0.0486,17.0,200.44,2.33,3.0,3.0,4.0,3.0,18.720510119722224,0.333,0.0,1.0,9,0,1,0.889,1.11,1.0,0,99.0,1
CUST-853BBDFB,2024-03-20,False,SMB,Annual,Pro,Organic,Manufacturing,Germany,286,0,1,1,0,5,3,10,46.1,52.33,0.531,0.6123,2.1273,0.0289,-19.0,249.7,2.8,1.0,1.0,2.0,2.0,21.44195333361111,0.0,0.0,1.0,10,1,3,0.6,6.0,0.9,0,299.0,0
CUST-81A442E2,2023-03-20,True,Mid-Market,Monthly,Pro,Paid,Healthcare,Germany,652,1,0,1,1,3,3,11,80.55,80.33,0.7539,0.7587,0.1455,-0.001,-6.0,488.64,4.36,3.0,3.0,3.0,1.0,13.064669084907408,0.0,0.667,3.0,11,0,0,1.0,0.0,1.0,0,299.0,1
CUST-24DCE2B3,2023-07-30,False,Mid-Market,Monthly,Pro,Partner,Healthcare,Germany,520,1,0,1,2,3,3,18,32.56,24.67,0.3192,0.1453,-2.1507,-0.0311,1.0,171.22,2.39,2.0,1.0,3.5,3.0,15.486143433333332,0.5,0.0,1.0,18,2,3,0.722,6.72,0.8889,1,299.0,0
CUST-92610A96,2024-05-03,True,Mid-Market,Multi-Year,Pro,Paid,Logistics,France,242,1,2,1,1,4,2,5,52.6,51.33,0.5088,0.4907,-2.2,-0.0336,-13.0,172.2,2.2,0.0,0.0,0.0,0.0,0.0,0.0,0.0,0.0,5,0,1,0.8,4.8,1.0,0,299.0,1
CUST-3C13C00F,2023-08-15,False,Mid-Market,Monthly,Pro,Partner,Education,India,504,1,0,1,2,1,4,17,77.71,79.67,0.7697,0.7657,-0.0809,-0.0011,37.0,535.18,5.06,2.0,2.0,5.0,5.0,8.66564253111111,0.0,0.5,1.0,17,0,2,0.882,2.94,1.0,0,299.0,0
CUST-F4681E02,2024-03-22,False,Mid-Market,Annual,Pro,Partner,Education,Germany,284,1,1,1,2,1,3,10,33.8,40.33,0.3799,0.383,1.4424,0.0077,-5.0,258.7,2.1,7.0,4.0,1.4285714285714286,1.0,53.426076092698416,0.0,0.429,1.0,10,2,2,0.6,8.3,0.8,1,299.0,0
CUST-1DF8F2CC,2024-04-25,False,Enterprise,Multi-Year,Enterprise,Paid,Logistics,France,250,2,2,2,1,4,2,9,43.89,27.33,0.4158,0.2917,-4.9833,-0.0545,-20.0,168.89,2.67,2.0,1.0,1.5,1.0,24.22707524388889,0.0,0.0,1.0,9,0,1,0.889,1.44,1.0,0,999.0,0
CUST-FCF845A0,2024-03-23,False,SMB,Monthly,Basic,Partner,Education,India,283,0,0,0,2,1,4,10,37.2,39.33,0.4256,0.4447,0.5697,0.0041,4.0,233.9,2.2,9.0,7.0,2.3333333333333335,1.0,62.74739482101851,0.222,0.556,2.0,10,1,3,0.6,10.4,0.9,0,99.0,0
CUST-FCC23329,2022-10-09,False,Mid-Market,Annual,Pro,Paid,Manufacturing,UK,814,1,1,1,1,5,5,27,79.63,84.67,0.7374,0.8193,-0.1484,0.0012,6.0,507.67,4.67,7.0,2.0,4.428571428571429,3.0,20.45297039686508,0.143,0.0,3.0,27,0,2,0.926,1.67,1.0,0,299.0,0
CUST-71A1B7EA,2023-10-31,True,Enterprise,Annual,Enterprise,Paid,Logistics,Australia,427,2,1,2,1,4,0,11,37.91,12.67,0.3583,0.1513,-5.8182,-0.0498,-13.0,180.0,2.45,0.0,0.0,0.0,0.0,0.0,0.0,0.0,0.0,11,2,2,0.636,10.82,0.8182,1,999.0,1
CUST-CA0F36DD,2024-03-16,False,SMB,Monthly,Pro,Partner,Retail,India,290,0,0,1,2,6,4,10,31.4,35.0,0.4006,0.3207,0.5333,-0.0137,-6.0,268.5,2.4,7.0,6.0,1.8571428571428572,1.0,43.74120184837302,0.143,0.286,1.0,10,0,0,1.0,0.0,1.0,0,299.0,0
CUST-28230201,2024-04-13,False,Mid-Market,Monthly,Enterprise,Paid,Logistics,India,262,1,0,2,1,4,4,9,35.0,34.33,0.3811,0.3587,0.2667,-0.0108,-3.0,198.89,1.67,6.0,4.0,2.0,1.0,47.35623780634259,0.0,0.167,0.0,9,0,3,0.667,4.78,1.0,0,999.0,0
CUST-4947F79D,2023-02-16,False,SMB,Annual,Pro,Paid,Manufacturing,Germany,684,0,1,1,1,5,3,23,76.26,82.33,0.766,0.7763,0.004,0.0,-14.0,494.61,4.35,8.0,4.0,4.25,2.0,23.09199351784722,0.0,0.125,2.0,23,0,1,0.957,0.43,1.0,0,299.0,0
CUST-CE7637AF,2023-08-19,True,Enterprise,Annual,Enterprise,Organic,Healthcare,UK,500,2,1,2,0,3,5,8,80.88,75.33,0.7756,0.7217,-2.7738,-0.0276,-13.0,486.12,4.38,0.0,0.0,0.0,0.0,0.0,0.0,0.0,0.0,8,0,0,1.0,0.0,1.0,0,999.0,1
CUST-51B107F7,2023-11-11,True,SMB,Monthly,Basic,Organic,Retail,Canada,416,0,0,0,0,6,1,7,33.0,33.67,0.435,0.4627,-0.2143,0.0035,4.0,159.71,2.86,4.0,4.0,1.75,1.0,53.89261204694445,0.25,0.25,0.0,7,1,2,0.571,12.0,0.8571,0,99.0,1
CUST-BA5EF00D,2023-12-26,False,Enterprise,Multi-Year,Enterprise,Organic,E-commerce,France,371,2,2,2,0,0,2,13,36.54,36.0,0.429,0.427,-0.5,0.0002,-22.0,189.08,2.92,8.0,3.0,2.375,1.0,63.37413068552084,0.25,0.5,1.0,13,0,4,0.692,3.77,1.0,0,999.0,0
CUST-A63C37E5,2024-11-29,False,SMB,Annual,Basic,Organic,E-commerce,US,32,0,1,0,0,0,6,2,20.0,20.0,0.251,0.251,0.0,0.0,-4.0,273.0,2.5,1.0,1.0,5.0,5.0,31.700786381944447,0.0,0.0,0.0,2,0,0,1.0,0.0,1.0,0,99.0,0
CUST-192FE6BF,2023-10-19,True,Enterprise,Annual,Enterprise,Partner,Logistics,Canada,439,2,1,2,2,4,1,9,51.89,32.67,0.4502,0.346,-5.1167,-0.0402,-5.0,189.67,2.33,0.0,0.0,0.0,0.0,0.0,0.0,0.0,0.0,9,0,1,0.889,1.22,1.0,0,999.0,1
CUST-2466C919,2023-07-12,True,Mid-Market,Monthly,Pro,Paid,SaaS,Germany,538,1,0,1,1,7,3,14,32.36,32.0,0.4018,0.4307,-0.7846,-0.0008,-23.0,194.07,2.64,10.0,1.0,2.5,1.0,59.36571373688889,0.1,0.4,3.0,14,2,2,0.714,9.29,0.8571,0,299.0,1
CUST-7408CA37,2024-03-21,False,SMB,Monthly,Basic,Referral,Education,India,285,0,0,0,3,1,4,10,32.7,36.0,0.3914,0.3207,0.3212,-0.0114,-1.0,230.6,2.6,9.0,2.0,1.8888888888888888,1.0,46.98030079046296,0.0,0.444,2.0,10,1,2,0.7,6.8,0.9,0,99.0,0
CUST-6EE0EC06,2024-05-25,True,SMB,Monthly,Pro,Organic,Retail,Germany,220,0,0,1,0,6,3,8,49.12,37.0,0.4568,0.6397,-3.4405,0.0461,63.0,78.25,3.12,3.0,2.0,3.6666666666666665,3.0,19.518303178425924,1.0,0.0,0.0,8,1,2,0.5,13.25,0.625,1,299.0,1
CUST-C6CDC60C,2024-02-10,False,Mid-Market,Annual,Pro,Partner,Retail,Canada,325,1,1,1,2,6,1,11,36.09,16.67,0.3633,0.1483,-5.1455,-0.0492,-16.0,181.55,2.73,0.0,0.0,0.0,0.0,0.0,0.0,0.0,0.0,11,3,3,0.455,13.36,0.7273,1,299.0,0
CUST-0E97CEDE,2024-10-26,True,Mid-Market,Annual,Pro,Referral,SaaS,Australia,66,1,1,1,3,7,0,2,26.0,26.0,0.3895,0.3895,0.0,0.0,2.0,90.0,4.0,1.0,1.0,4.0,4.0,48.35493411166667,0.0,0.0,0.0,2,0,0,1.0,0.0,1.0,0,299.0,1
CUST-E0737383,2024-01-07,False,Mid-Market,Annual,Enterprise,Organic,Retail,Canada,359,1,1,2,0,6,1,12,41.25,18.33,0.3725,0.1833,-6.0105,-0.0477,-5.0,247.42,3.17,3.0,3.0,3.0,1.0,8.975925977870371,0.0,0.0,1.0,12,1,0,0.917,1.25,0.9167,0,999.0,0
CUST-C5A2D80B,2023-06-19,False,Mid-Market,Monthly,Pro,Partner,Finance,India,561,1,0,1,2,2,4,19,35.47,34.67,0.399,0.342,-0.0456,-0.0019,14.0,195.84,3.32,11.0,2.0,2.272727272727273,1.0,44.57222472035353,0.091,0.636,2.0,19,0,3,0.842,3.84,1.0,0,299.0,0
CUST-94B3D17D,2024-05-09,False,Mid-Market,Annual,Pro,Organic,E-commerce,Canada,236,1,1,1,0,0,1,8,36.0,46.0,0.4726,0.3477,4.6429,-0.0237,-48.0,181.75,2.75,2.0,2.0,3.5,3.0,20.63687142166667,1.0,0.0,1.0,8,2,1,0.375,12.75,0.25,0,299.0,0
CUST-EB54033C,2024-05-17,True,Enterprise,Annual,Enterprise,Referral,Manufacturing,US,228,2,1,2,3,5,6,5,57.4,48.67,0.5196,0.462,-9.4,-0.0784,-7.0,218.0,3.4,0.0,0.0,0.0,0.0,0.0,0.0,0.0,0.0,5,1,0,0.8,10.4,0.8,0,999.0,1
CUST-DAA87E13,2024-06-09,True,Mid-Market,Monthly,Enterprise,Organic,Education,India,205,1,0,2,0,1,4,4,37.5,37.0,0.4278,0.4417,-1.4,0.0381,-2.0,212.0,2.75,1.0,1.0,1.0,1.0,97.42648318944444,0.0,0.0,1.0,4,0,0,1.0,0.0,1.0,0,999.0,1
CUST-E1652429,2024-04-02,False,SMB,Monthly,Basic,Partner,E-commerce,France,273,0,0,0,2,0,2,9,31.56,30.67,0.3433,0.3007,-0.6167,-0.0028,22.0,193.0,2.78,5.0,2.0,3.0,2.0,51.40133916211111,0.2,0.4,1.0,9,0,2,0.778,2.78,1.0,0,99.0,0
CUST-350D44EC,2023-05-17,False,SMB,Multi-Year,Pro,Referral,Finance,Australia,594,0,2,1,3,2,0,20,79.85,82.67,0.7265,0.6867,0.0323,-0.0035,3.0,491.1,4.45,4.0,3.0,4.75,4.0,16.815260514027777,0.0,0.0,2.0,20,0,0,1.0,0.0,1.0,0,299.0,0
CUST-3C806FCB,2022-06-22,False,Mid-Market,Annual,Pro,Organic,Finance,Germany,923,1,1,1,0,2,3,31,82.0,76.67,0.7485,0.7067,-0.0633,-0.0005,-1.0,484.29,4.74,2.0,1.0,2.0,1.0,31.652068212083336,0.0,0.0,0.0,31,2,3,0.839,5.42,0.9355,0,299.0,0
CUST-EEBA2541,2024-04-22,True,SMB,Annual,Pro,Organic,E-commerce,US,253,0,1,1,0,0,6,8,45.5,31.0,0.4232,0.275,-4.881,-0.0446,0.0,156.25,2.88,3.0,3.0,1.6666666666666667,1.0,11.544543546296296,0.667,0.0,1.0,8,1,0,0.875,6.38,0.875,1,299.0,1
CUST-69C03633,2024-02-15,True,SMB,Annual,Basic,Referral,Education,Australia,320,0,1,0,3,1,0,7,54.29,45.67,0.5099,0.489,-3.25,-0.0273,-10.0,177.43,4.0,1.0,1.0,1.0,1.0,27.09456406361111,1.0,0.0,0.0,7,0,2,0.714,3.43,1.0,0,99.0,1
CUST-832FAD28,2024-04-27,False,Enterprise,Multi-Year,Enterprise,Paid,Education,Germany,248,2,2,2,1,1,3,9,60.67,52.67,0.4957,0.4597,-2.3167,0.0201,3.0,218.22,1.89,2.0,1.0,4.0,3.0,23.03356043152778,1.0,0.0,2.0,9,2,3,0.111,14.89,0.1111,2,999.0,0
CUST-2F019467,2022-10-10,False,Mid-Market,Monthly,Enterprise,Paid,E-commerce,France,813,1,0,2,1,0,2,27,81.33,83.67,0.7551,0.8123,0.1551,0.0004,-9.0,474.96,4.74,3.0,2.0,4.333333333333333,3.0,13.055485840462964,0.0,0.0,1.0,27,0,1,0.963,0.7,1.0,0,999.0,0
CUST-598ADA34,2023-07-23,True,SMB,Multi-Year,Pro,Organic,E-commerce,Germany,527,0,2,1,0,0,3,11,33.36,19.33,0.3689,0.1317,-3.9636,-0.0535,-26.0,207.73,2.64,3.0,2.0,2.0,1.0,27.36644699861111,0.0,0.667,1.0,11,0,1,0.909,1.64,1.0,0,299.0,1
CUST-5435F045,2024-04-23,True,SMB,Monthly,Basic,Organic,Logistics,Canada,252,0,0,0,0,4,1,9,40.78,25.0,0.4368,0.3267,-3.4833,-0.0388,1.0,272.0,3.33,1.0,1.0,4.0,4.0,27.09248587777778,0.0,0.0,0.0,9,1,1,0.778,7.89,0.8889,0,99.0,1
CUST-3C2BB659,2024-03-08,True,SMB,Annual,Pro,Partner,Healthcare,UK,298,0,1,1,2,3,5,10,33.9,34.0,0.4,0.4153,-0.2606,-0.0038,-10.0,156.3,3.8,5.0,2.0,2.6,1.0,30.227332191555554,0.2,0.4,1.0,10,0,1,0.9,2.3,1.0,0,299.0,1
CUST-B163DE3F,2022-11-05,False,SMB,Monthly,Basic,Referral,Logistics,Canada,787,0,0,0,3,4,1,26,80.15,84.0,0.7685,0.751,-0.1709,0.0003,11.0,468.58,4.19,4.0,1.0,4.5,4.0,13.979355160416667,0.0,0.25,2.0,26,0,0,1.0,0.0,1.0,0,99.0,0
CUST-F45EA412,2023-11-06,False,Mid-Market,Annual,Enterprise,Partner,Logistics,Australia,421,1,1,2,2,4,0,14,31.86,33.33,0.3941,0.4097,0.756,0.0013,0.0,180.5,2.64,13.0,5.0,2.4615384615384617,1.0,43.65780090905984,0.154,0.385,2.0,14,0,2,0.857,3.5,1.0,0,999.0,0
CUST-2499CB34,2023-12-09,True,SMB,Annual,Pro,Partner,Finance,Germany,388,0,1,1,2,2,3,12,49.08,61.0,0.6123,0.5517,-0.465,-0.0103,-47.0,132.0,3.33,2.0,2.0,4.5,4.0,27.209798998055554,1.0,0.0,0.0,12,2,4,0.5,14.67,0.8333,0,299.0,1
CUST-2B8108FC,2024-01-14,True,Mid-Market,Annual,Enterprise,Referral,SaaS,India,352,1,1,2,3,7,4,11,39.64,16.0,0.3955,0.226,-5.7455,-0.0406,-21.0,216.09,2.36,0.0,0.0,0.0,0.0,0.0,0.0,0.0,0.0,11,0,3,0.727,6.27,1.0,0,999.0,1
CUST-3CB2268D,2024-05-22,True,Enterprise,Multi-Year,Enterprise,Paid,SaaS,France,223,2,2,2,1,7,2,5,32.8,40.0,0.57,0.561,8.5,-0.0315,28.0,229.4,3.4,2.0,2.0,2.5,2.0,19.688824422499998,1.0,0.0,2.0,5,0,1,0.8,6.0,1.0,0,999.0,1
CUST-C52F18AE,2023-11-15,False,SMB,Annual,Basic,Paid,Manufacturing,US,412,0,1,0,1,5,6,14,36.64,43.0,0.3833,0.401,0.7187,0.0054,0.0,194.79,2.5,9.0,3.0,2.6666666666666665,1.0,45.00945508635803,0.111,0.0,1.0,14,2,7,0.357,16.93,0.8571,1,99.0,0
CUST-0016F6DD,2022-10-24,False,Enterprise,Annual,Enterprise,Partner,Retail,France,799,2,1,2,2,6,2,27,77.33,83.0,0.7723,0.775,0.1587,-0.001,-8.0,496.74,4.56,4.0,1.0,3.75,1.0,21.703465069375,0.0,0.5,2.0,27,0,1,0.963,0.59,1.0,0,999.0,0
CUST-92B518EE,2024-02-24,True,SMB,Monthly,Pro,Referral,Education,Canada,311,0,0,1,3,1,1,6,47.5,34.33,0.5293,0.4883,-5.1714,-0.0303,18.0,142.0,2.33,1.0,1.0,3.0,3.0,14.525735709444444,0.0,1.0,0.0,6,1,2,0.5,13.33,0.8333,1,299.0,1
CUST-19580DF1,2023-02-09,False,Mid-Market,Monthly,Pro,Paid,E-commerce,France,691,1,0,1,1,0,2,23,81.26,73.0,0.7727,0.784,-0.4249,0.0006,29.0,500.48,4.74,7.0,1.0,4.428571428571429,4.0,15.519524279166665,0.143,0.429,2.0,23,1,5,0.739,6.52,0.9565,0,299.0,0
CUST-3DF8383A,2023-12-01,True,Mid-Market,Annual,Pro,Partner,Manufacturing,US,396,1,1,1,2,5,6,7,50.71,42.0,0.5437,0.4343,-6.1786,-0.0569,2.0,162.43,2.14,0.0,0.0,0.0,0.0,0.0,0.0,0.0,0.0,7,0,2,0.714,5.57,1.0,0,299.0,1
CUST-F0AB9A1D,2022-10-13,False,Enterprise,Annual,Enterprise,Organic,E-commerce,France,810,2,1,2,0,0,2,27,80.37,74.33,0.75,0.7873,-0.2619,0.0023,-4.0,515.48,4.63,2.0,1.0,3.0,1.0,24.657208190555558,0.0,0.0,1.0,27,0,1,0.963,0.33,1.0,0,999.0,0
CUST-65F8AE24,2022-09-05,False,Mid-Market,Annual,Enterprise,Referral,E-commerce,Germany,848,1,1,2,3,0,3,28,77.96,76.33,0.7433,0.694,-0.0813,-0.0015,25.0,501.07,4.29,5.0,2.0,4.0,1.0,25.024907703277773,0.0,0.4,1.0,28,0,0,1.0,0.0,1.0,0,999.0,0
CUST-8EC46AF8,2023-01-15,False,SMB,Monthly,Basic,Referral,SaaS,UK,716,0,0,0,3,7,5,24,79.21,79.33,0.7129,0.7137,-0.2335,0.0002,8.0,492.5,4.75,4.0,2.0,4.5,4.0,22.99488492472222,0.25,0.5,2.0,24,0,1,0.958,0.38,1.0,0,99.0,0
CUST-3EC5E5C6,2024-05-08,False,SMB,Annual,Pro,Partner,Manufacturing,UK,237,0,1,1,2,5,5,8,52.12,44.67,0.4602,0.4337,-4.2738,-0.0109,48.0,118.25,3.0,4.0,3.0,2.25,1.0,12.350917127777777,0.75,0.0,2.0,8,0,5,0.25,12.25,0.75,0,299.0,0
CUST-1BFCEEE4,2024-02-22,False,Mid-Market,Annual,Pro,Paid,Healthcare,Australia,313,1,1,1,1,3,0,11,45.73,28.33,0.3258,0.1823,-3.9182,-0.047,-9.0,234.73,2.18,2.0,2.0,3.5,3.0,14.13247273486111,1.0,0.0,0.0,11,0,1,0.909,2.45,1.0,0,299.0,0
CUST-1238FEC3,2023-11-19,True,SMB,Monthly,Basic,Paid,Manufacturing,France,408,0,0,0,1,5,2,14,33.21,15.0,0.2983,0.0783,-4.5912,-0.0473,4.0,198.5,2.79,2.0,2.0,1.5,1.0,32.56853561125,0.5,0.0,1.0,14,0,5,0.643,5.0,1.0,0,99.0,1
CUST-233AA5F1,2023-10-06,False,SMB,Monthly,Pro,Paid,Retail,Germany,452,0,0,1,1,6,3,15,82.87,79.33,0.7427,0.7413,-0.2786,-0.0076,-13.0,520.93,4.47,0.0,0.0,0.0,0.0,0.0,0.0,0.0,0.0,15,0,0,1.0,0.0,1.0,0,299.0,0
CUST-7CBB7404,2024-03-29,True,Mid-Market,Annual,Pro,Paid,E-commerce,Germany,277,1,1,1,1,0,3,5,51.4,60.33,0.5068,0.492,3.2,-0.0057,-32.0,258.6,3.2,2.0,2.0,4.0,3.0,35.380468711527776,1.0,0.0,2.0,5,0,1,0.8,3.2,1.0,0,299.0,1
CUST-20AC9D14,2024-02-27,False,Enterprise,Annual,Enterprise,Referral,Retail,Australia,308,2,1,2,3,6,0,11,34.09,36.33,0.3782,0.3997,0.9545,0.0039,-13.0,181.45,2.55,10.0,3.0,2.5,1.0,56.9063012518889,0.1,0.4,5.0,11,0,4,0.636,5.0,1.0,0,999.0,0
CUST-57A06C54,2024-04-23,False,Mid-Market,Monthly,Pro,Paid,Retail,Canada,252,1,0,1,1,6,1,9,52.11,37.0,0.5079,0.3837,-3.6833,-0.0216,17.0,128.56,2.11,2.0,2.0,3.0,2.0,6.348792996249999,1.0,0.0,1.0,9,0,6,0.222,7.89,0.7778,0,299.0,0
CUST-861E1A74,2023-11-12,True,SMB,Annual,Pro,Paid,SaaS,US,415,0,1,1,1,7,6,6,50.17,45.67,0.491,0.429,-1.4,-0.041,15.0,220.83,3.17,2.0,2.0,2.0,2.0,16.389301024583332,0.5,0.0,0.0,6,0,1,0.833,4.67,1.0,0,299.0,1
CUST-72B6CCC8,2024-02-18,False,Mid-Market,Annual,Pro,Organic,E-commerce,France,317,1,1,1,0,0,2,11,38.09,19.0,0.3685,0.0877,-3.9455,-0.0546,-10.0,191.82,2.27,2.0,1.0,4.5,4.0,21.805218081805556,0.5,0.0,0.0,11,0,1,0.909,2.0,1.0,0,299.0,0
CUST-51FF8714,2024-01-12,False,SMB,Monthly,Pro,Partner,Retail,Germany,354,0,0,1,2,6,3,12,32.58,34.33,0.4118,0.436,0.4161,-0.0003,-1.0,196.42,2.58,9.0,3.0,1.5555555555555556,1.0,36.91346510574075,0.222,0.444,3.0,12,1,1,0.833,5.58,0.9167,0,299.0,0
CUST-A230F833,2024-01-11,False,Mid-Market,Monthly,Pro,Organic,Logistics,UK,355,1,0,1,0,4,5,12,74.75,78.67,0.7502,0.7227,-0.2273,-0.0065,3.0,517.58,4.42,1.0,1.0,5.0,5.0,8.507544585833333,0.0,0.0,0.0,12,0,0,1.0,0.0,1.0,0,299.0,0
CUST-A09F8507,2022-12-28,True,Enterprise,Annual,Enterprise,Paid,Manufacturing,US,734,2,1,2,1,5,6,16,80.81,86.67,0.7514,0.764,0.5485,0.0028,-9.0,508.31,4.88,1.0,1.0,4.0,4.0,18.984529506388892,0.0,0.0,0.0,16,0,0,1.0,0.0,1.0,0,999.0,1
CUST-3D3BDAF7,2023-01-15,False,SMB,Monthly,Pro,Organic,Finance,India,716,0,0,1,0,2,4,24,82.58,73.67,0.7632,0.753,0.14,-0.0008,0.0,511.08,4.17,2.0,1.0,5.0,5.0,30.72672669236111,0.0,0.5,0.0,24,0,0,1.0,0.0,1.0,0,299.0,0
CUST-030230BE,2022-04-17,False,SMB,Annual,Basic,Paid,Healthcare,Germany,989,0,1,0,1,3,3,33,79.3,71.0,0.747,0.7773,-0.393,0.0004,10.0,475.42,4.61,4.0,2.0,4.25,3.0,16.366536314444446,0.0,0.25,1.0,33,1,2,0.909,1.67,0.9697,0,99.0,0
CUST-57F7B9E8,2024-05-19,False,Mid-Market,Annual,Pro,Paid,E-commerce,UK,226,1,1,1,1,0,5,8,35.88,40.33,0.4344,0.3437,1.1071,-0.0441,-42.0,210.5,3.0,3.0,1.0,4.333333333333333,4.0,31.317855060370366,1.0,0.0,3.0,8,2,3,0.375,14.12,0.75,0,299.0,0
CUST-B7DB7E3B,2023-04-02,False,SMB,Monthly,Pro,Referral,SaaS,UK,639,0,0,1,3,7,5,21,79.38,76.67,0.7587,0.788,-0.1169,0.0012,9.0,512.38,3.86,6.0,2.0,4.5,3.0,24.52829516601852,0.0,0.167,0.0,21,1,1,0.905,3.05,0.9524,0,299.0,0
CUST-5B4E0BC3,2024-04-07,False,SMB,Monthly,Pro,Referral,SaaS,India,268,0,0,1,3,7,4,9,43.22,67.67,0.4404,0.4567,4.9833,0.0122,-5.0,184.22,3.11,4.0,1.0,4.0,1.0,21.084649798680555,0.75,0.0,0.0,9,3,4,0.222,18.78,0.6667,1,299.0,0
CUST-02D78DD1,2023-10-17,False,SMB,Annual,Basic,Paid,SaaS,Canada,441,0,1,0,1,7,1,15,35.87,18.0,0.3083,0.163,-4.3286,-0.0378,14.0,213.67,2.27,2.0,1.0,5.0,5.0,26.6013152875,0.0,0.5,0.0,15,1,1,0.867,3.47,0.9333,1,99.0,0
CUST-C1E3B800,2023-05-29,False,Mid-Market,Annual,Pro,Organic,E-commerce,Canada,582,1,1,1,0,0,1,20,79.65,85.33,0.7412,0.7713,0.2083,0.0002,-7.0,500.25,4.35,3.0,2.0,4.666666666666667,4.0,12.828068282037037,0.0,0.0,1.0,20,1,1,0.9,1.6,0.95,0,299.0,0
CUST-F706268E,2024-10-27,True,Enterprise,Annual,Enterprise,Organic,Manufacturing,Canada,65,2,1,2,0,5,1,3,23.0,23.0,0.282,0.282,9.0,-0.1035,36.0,185.33,1.67,1.0,1.0,4.0,4.0,28.411270626666667,0.0,0.0,0.0,3,1,0,0.667,18.0,0.6667,1,999.0,1
CUST-807189E0,2024-03-11,True,Mid-Market,Annual,Pro,Paid,Manufacturing,Canada,295,1,1,1,1,5,1,9,48.67,46.0,0.4546,0.5217,-0.75,0.0168,-77.0,166.56,2.22,3.0,2.0,3.0,1.0,15.670026061574076,0.333,0.333,2.0,9,0,4,0.556,9.0,1.0,0,299.0,1
CUST-A25221A2,2023-04-08,False,SMB,Monthly,Basic,Organic,Finance,France,633,0,0,0,0,2,2,21,79.24,86.0,0.7469,0.6903,0.1273,-0.0024,13.0,505.05,4.48,5.0,2.0,4.6,3.0,17.402805416333333,0.4,0.2,0.0,21,0,0,1.0,0.0,1.0,0,99.0,0
CUST-49476827,2024-03-03,False,Mid-Market,Annual,Pro,Organic,SaaS,US,303,1,1,1,0,7,6,10,37.3,42.67,0.3776,0.3563,0.6121,-0.001,2.0,220.5,2.5,8.0,4.0,3.125,1.0,46.214427621944445,0.0,0.25,3.0,10,0,1,0.9,2.9,1.0,0,299.0,0
CUST-AE370DF6,2024-02-18,False,Mid-Market,Annual,Pro,Organic,Logistics,France,317,1,1,1,0,4,2,11,45.73,31.33,0.3555,0.2013,-3.8545,-0.0433,12.0,213.91,2.55,1.0,1.0,5.0,5.0,20.859928352777775,0.0,0.0,1.0,11,1,1,0.818,6.64,0.9091,0,299.0,0
CUST-02BE573B,2023-12-01,False,SMB,Annual,Basic,Partner,Education,Canada,396,0,1,0,2,1,1,13,34.15,15.33,0.3735,0.182,-4.9725,-0.0484,10.0,182.38,2.69,0.0,0.0,0.0,0.0,0.0,0.0,0.0,0.0,13,1,1,0.846,5.31,0.9231,0,99.0,0
CUST-AF1AC6A4,2023-11-12,False,SMB,Monthly,Pro,Partner,Logistics,US,415,0,0,1,2,4,6,14,81.57,79.0,0.7524,0.681,-0.8,-0.01,5.0,549.79,4.64,3.0,2.0,4.0,3.0,24.419562654444444,0.0,0.0,1.0,14,0,0,1.0,0.0,1.0,0,299.0,0
CUST-CCF398AB,2024-02-24,True,SMB,Annual,Pro,Referral,Logistics,US,311,0,1,1,3,4,6,11,37.18,13.33,0.3357,0.1073,-6.0091,-0.0497,-8.0,260.64,3.0,2.0,1.0,3.0,1.0,17.61652550638889,0.0,0.0,0.0,11,2,1,0.727,10.27,0.8182,0,299.0,1
CUST-301EB67E,2024-06-17,True,Mid-Market,Annual,Enterprise,Referral,Healthcare,Australia,197,1,1,2,3,3,0,4,47.75,53.0,0.4382,0.4537,3.5,0.0725,5.0,181.0,4.75,0.0,0.0,0.0,0.0,0.0,0.0,0.0,0.0,4,2,1,0.25,27.0,0.5,2,999.0,1
CUST-EBF41437,2023-11-20,True,SMB,Monthly,Basic,Partner,Manufacturing,UK,407,0,0,0,2,5,5,12,42.5,19.0,0.324,0.1437,-5.0699,-0.0524,-4.0,142.75,2.92,1.0,1.0,1.0,1.0,27.198205396111113,1.0,0.0,0.0,12,2,1,0.75,7.17,0.8333,0,99.0,1
CUST-08B0BC2E,2024-07-22,False,SMB,Monthly,Basic,Partner,Healthcare,UK,162,0,0,0,2,3,5,6,51.5,35.0,0.4535,0.426,-8.6,-0.0179,-23.0,174.67,1.83,1.0,1.0,3.0,3.0,19.929122529444445,0.0,0.0,0.0,6,0,0,1.0,0.0,1.0,0,99.0,0
CUST-DCAF0211,2024-04-26,True,Mid-Market,Annual,Pro,Partner,SaaS,UK,249,1,1,1,2,7,5,8,40.88,28.0,0.49,0.4013,-5.2024,-0.0408,12.0,147.25,2.12,0.0,0.0,0.0,0.0,0.0,0.0,0.0,0.0,8,0,1,0.875,0.62,1.0,0,299.0,1
CUST-87DB7986,2024-02-02,False,Mid-Market,Monthly,Pro,Partner,Logistics,UK,333,1,0,1,2,4,5,11,41.09,16.67,0.4184,0.303,-5.0909,-0.0354,3.0,216.91,2.18,3.0,2.0,2.6666666666666665,2.0,14.959097706944446,0.333,0.333,0.0,11,1,3,0.636,6.91,0.9091,0,299.0,0
CUST-2650D001,2023-12-30,True,Enterprise,Multi-Year,Enterprise,Paid,Retail,Germany,367,2,2,2,1,6,3,11,52.45,50.0,0.5328,0.5607,-0.1091,0.0197,-21.0,212.55,2.82,4.0,2.0,4.25,2.0,29.289313310416667,0.5,0.5,0.0,11,3,2,0.455,16.36,0.5455,1,999.0,1
CUST-EDDB87A7,2023-05-23,False,Enterprise,Annual,Enterprise,Paid,Finance,US,588,2,1,2,1,2,6,20,76.0,77.67,0.7302,0.7333,0.3534,-0.0012,6.0,493.15,3.9,4.0,2.0,4.5,4.0,20.683757210763886,0.0,0.75,2.0,20,0,0,1.0,0.0,1.0,0,999.0,0
CUST-D8584EF9,2024-04-25,True,Mid-Market,Annual,Enterprise,Partner,Finance,Germany,250,1,1,2,2,2,3,9,48.56,29.67,0.3998,0.262,-6.35,-0.055,-5.0,166.22,2.67,2.0,2.0,4.5,4.0,18.96983732611111,0.0,0.5,0.0,9,0,3,0.667,6.89,1.0,0,999.0,1
CUST-1C2FB7CF,2022-06-07,False,SMB,Monthly,Basic,Referral,Healthcare,US,938,0,0,0,3,3,6,31,82.77,98.33,0.767,0.7553,0.371,0.0004,-24.0,478.13,4.68,5.0,2.0,4.2,1.0,12.39279109727778,0.0,0.0,1.0,31,0,0,1.0,0.0,1.0,0,99.0,0
CUST-AF9E0350,2024-07-15,False,Enterprise,Annual,Enterprise,Paid,Finance,US,169,2,1,2,1,2,6,6,52.83,49.67,0.4837,0.4017,-2.8286,-0.0568,4.0,97.17,3.67,1.0,1.0,2.0,2.0,18.184514245555555,0.0,1.0,0.0,6,0,1,0.833,1.83,1.0,0,999.0,0
CUST-243DA98F,2024-06-10,False,SMB,Monthly,Pro,Paid,Healthcare,UK,204,0,0,1,1,3,5,7,80.57,81.0,0.7341,0.6803,0.2143,-0.0236,7.0,458.71,3.86,2.0,2.0,3.5,3.0,23.787998377222223,0.0,1.0,0.0,7,0,0,1.0,0.0,1.0,0,299.0,0
CUST-2E91B49B,2023-02-21,False,Enterprise,Monthly,Enterprise,Partner,Healthcare,India,679,2,0,2,2,3,4,23,80.35,80.0,0.7387,0.79,0.3291,0.0028,44.0,494.96,4.35,3.0,1.0,4.333333333333333,3.0,9.899328274351852,0.0,0.0,1.0,23,0,1,0.957,1.0,1.0,0,999.0,0
CUST-52FB2BC0,2024-06-02,False,SMB,Monthly,Basic,Paid,Retail,Canada,212,0,0,0,1,6,1,7,41.0,40.0,0.4626,0.5107,-3.0714,-0.01,-4.0,215.0,2.14,2.0,2.0,3.5,2.0,15.242885949027778,1.0,0.0,1.0,7,1,1,0.714,5.86,0.8571,1,99.0,0
CUST-DB7E1ECF,2024-11-20,False,Enterprise,Multi-Year,Enterprise,Organic,E-commerce,India,41,2,2,2,0,0,4,2,28.5,28.5,0.305,0.305,0.0,0.0,5.0,112.0,3.0,0.0,0.0,0.0,0.0,0.0,0.0,0.0,0.0,2,0,0,1.0,0.0,1.0,0,999.0,0
CUST-17DD8DB0,2023-01-04,False,Mid-Market,Monthly,Pro,Partner,Retail,Canada,727,1,0,1,2,6,1,24,77.62,82.67,0.7515,0.774,-0.1152,0.0025,-6.0,476.33,4.46,3.0,1.0,4.666666666666667,4.0,14.72729502861111,0.333,0.0,1.0,24,0,2,0.917,1.17,1.0,0,299.0,0
CUST-FB6CA676,2024-10-28,True,Mid-Market,Annual,Pro,Paid,Retail,UK,64,1,1,1,1,6,5,2,20.5,20.5,0.23,0.23,0.0,0.0,-9.0,134.5,4.5,1.0,1.0,3.0,3.0,21.687749414444443,0.0,1.0,0.0,2,0,1,0.5,4.5,1.0,0,299.0,1
CUST-4794D6ED,2023-08-21,False,Enterprise,Multi-Year,Enterprise,Paid,Logistics,Australia,498,2,2,2,1,4,0,17,79.12,78.33,0.7591,0.7393,-0.9632,-0.0007,-7.0,487.18,4.18,3.0,1.0,3.6666666666666665,2.0,10.997602193518517,0.0,0.0,0.0,17,1,0,0.941,2.59,0.9412,0,999.0,0
CUST-0911DF9F,2024-05-30,False,Mid-Market,Annual,Pro,Partner,Retail,Germany,215,1,1,1,2,6,3,8,34.0,38.67,0.3655,0.3773,0.8333,0.0085,9.0,234.88,3.5,6.0,5.0,2.0,1.0,35.236468152175924,0.333,0.333,2.0,8,1,1,0.75,9.38,0.875,1,299.0,0
CUST-CD5DD487,2023-12-19,True,Mid-Market,Annual,Enterprise,Partner,Manufacturing,Germany,378,1,1,2,2,5,3,12,41.08,22.33,0.3824,0.1387,-3.8147,-0.0491,-16.0,156.25,2.58,1.0,1.0,1.0,1.0,23.247451451388887,0.0,0.0,0.0,12,0,3,0.75,4.92,1.0,0,999.0,1
CUST-B2013D30,2024-03-08,False,Mid-Market,Monthly,Enterprise,Partner,Finance,Germany,298,1,0,2,2,2,3,10,58.5,39.33,0.5316,0.377,-0.8424,-0.0191,18.0,240.2,2.7,4.0,3.0,4.25,4.0,18.250586348263887,0.75,0.25,1.0,10,0,4,0.6,8.5,1.0,0,999.0,0
CUST-286D368F,2023-05-29,False,SMB,Monthly,Pro,Paid,E-commerce,Canada,582,0,0,1,1,0,1,20,77.5,86.33,0.712,0.7377,0.6316,0.0036,-2.0,507.1,4.25,4.0,1.0,4.25,4.0,19.277228242013887,0.25,0.25,0.0,20,0,1,0.95,0.5,1.0,0,299.0,0
CUST-90811C2D,2023-07-07,True,SMB,Monthly,Basic,Partner,Education,Canada,543,0,0,0,2,1,1,16,33.38,35.67,0.4322,0.3707,0.5853,-0.0017,-10.0,225.81,2.38,13.0,1.0,2.5384615384615383,1.0,41.56993411589743,0.308,0.308,6.0,16,1,3,0.75,5.38,0.9375,0,99.0,1
CUST-42F693BD,2024-06-11,True,SMB,Monthly,Basic,Organic,Manufacturing,UK,203,0,0,0,0,5,5,7,49.57,50.0,0.4414,0.3327,-0.1429,-0.0596,37.0,172.71,2.14,1.0,1.0,5.0,5.0,14.255157438333333,0.0,0.0,0.0,7,1,1,0.714,3.86,0.8571,1,99.0,1
CUST-37775D5C,2024-07-22,True,Mid-Market,Monthly,Pro,Organic,E-commerce,UK,162,1,0,1,0,0,5,5,47.6,42.33,0.4838,0.413,-5.8,-0.0686,-26.0,162.8,2.4,0.0,0.0,0.0,0.0,0.0,0.0,0.0,0.0,5,1,0,0.8,9.6,0.8,1,299.0,1
CUST-0AD07973,2023-09-13,True,SMB,Monthly,Basic,Paid,Manufacturing,France,475,0,0,0,1,5,2,11,78.09,86.0,0.7233,0.7677,1.0727,0.0032,-23.0,513.27,4.18,0.0,0.0,0.0,0.0,0.0,0.0,0.0,0.0,11,0,1,0.909,1.27,1.0,0,99.0,1
CUST-8C48CDEC,2024-01-21,False,Enterprise,Multi-Year,Enterprise,Organic,Manufacturing,India,345,2,2,2,0,5,4,12,34.42,30.0,0.3935,0.33,-0.7308,-0.0105,14.0,173.75,2.42,9.0,2.0,2.5555555555555554,1.0,40.530773206574075,0.0,0.556,0.0,12,1,3,0.667,8.33,0.9167,1,999.0,0
CUST-70B35515,2023-12-22,True,Enterprise,Multi-Year,Enterprise,Partner,SaaS,France,375,2,2,2,2,7,2,9,28.67,30.0,0.3943,0.3573,0.0833,0.0077,13.0,184.89,2.44,3.0,2.0,2.0,1.0,46.36743836055555,0.333,0.667,2.0,9,0,0,1.0,0.0,1.0,0,999.0,1
CUST-56AB2892,2024-05-14,False,Enterprise,Multi-Year,Enterprise,Paid,Finance,UK,231,2,2,2,1,2,5,8,41.25,41.33,0.4582,0.596,-0.4286,0.0463,-21.0,220.88,2.62,1.0,1.0,2.0,2.0,36.739016356111115,1.0,0.0,0.0,8,1,3,0.5,14.12,0.875,0,999.0,0
CUST-B60938F7,2024-02-04,True,Mid-Market,Annual,Enterprise,Partner,Finance,Canada,331,1,1,2,2,2,1,10,48.3,30.67,0.3991,0.1643,-5.5333,-0.0649,-8.0,148.9,2.7,2.0,1.0,2.0,2.0,31.675685986111112,0.0,0.0,0.0,10,1,2,0.7,9.1,0.9,1,999.0,1
CUST-613160CA,2024-05-27,False,SMB,Monthly,Basic,Paid,Healthcare,Canada,218,0,0,0,1,3,1,8,35.0,37.0,0.3915,0.369,1.7143,-0.0044,9.0,170.75,2.38,5.0,1.0,3.2,1.0,38.927850514333336,0.4,0.2,1.0,8,1,0,0.875,4.0,0.875,1,99.0,0
CUST-54A1EDF5,2023-10-29,False,SMB,Annual,Basic,Partner,Education,UK,429,0,1,0,2,1,5,15,36.2,11.67,0.3329,0.1257,-4.6036,-0.0377,3.0,204.67,3.07,2.0,1.0,3.0,3.0,18.44747380361111,1.0,0.0,0.0,15,1,1,0.867,3.93,0.9333,0,99.0,0
CUST-9C2B2A5A,2024-05-02,True,SMB,Monthly,Pro,Referral,Healthcare,UK,243,0,0,1,3,3,5,8,61.12,54.0,0.579,0.549,-2.8214,-0.0309,-14.0,184.5,1.88,3.0,1.0,3.0,1.0,23.79337647712963,0.333,0.0,0.0,8,0,3,0.625,6.12,1.0,0,299.0,1
CUST-C7ED8A49,2024-02-02,False,Enterprise,Multi-Year,Enterprise,Paid,Education,Germany,333,2,2,2,1,1,3,11,62.0,51.67,0.5194,0.4863,-2.0909,-0.0099,-5.0,180.09,3.36,2.0,1.0,5.0,5.0,14.356967758055557,0.5,0.5,0.0,11,1,5,0.455,12.82,0.9091,0,999.0,0
CUST-48D86245,2024-10-26,True,SMB,Monthly,Pro,Organic,Manufacturing,India,66,0,0,1,0,5,4,3,34.67,34.67,0.3107,0.3107,-5.5,-0.0115,-6.0,172.67,2.33,0.0,0.0,0.0,0.0,0.0,0.0,0.0,0.0,3,0,2,0.333,14.67,1.0,0,299.0,1
CUST-2966F168,2023-02-18,False,SMB,Annual,Pro,Paid,Healthcare,US,682,0,1,1,1,3,6,23,75.04,75.67,0.7497,0.7477,0.0158,-0.0027,-34.0,497.3,4.26,3.0,1.0,5.0,5.0,18.40103022962963,0.0,0.333,1.0,23,0,1,0.957,1.3,1.0,0,299.0,0
CUST-9CB8DB52,2023-01-29,False,SMB,Monthly,Pro,Organic,Logistics,US,702,0,0,1,0,4,6,24,78.08,71.0,0.7415,0.769,0.193,0.0014,2.0,543.75,4.0,4.0,1.0,4.75,4.0,18.272593293958334,0.0,0.25,0.0,24,0,0,1.0,0.0,1.0,0,299.0,0
CUST-CFA56CBB,2024-01-26,True,SMB,Multi-Year,Basic,Organic,Logistics,Germany,340,0,2,0,0,4,3,9,41.22,25.67,0.4077,0.321,-4.3833,-0.034,11.0,196.11,2.44,1.0,1.0,1.0,1.0,27.820498299722225,0.0,0.0,1.0,9,0,2,0.778,4.89,1.0,0,99.0,1
CUST-73D775B8,2024-01-09,False,SMB,Annual,Basic,Paid,Logistics,France,357,0,1,0,1,4,2,12,39.25,16.0,0.3952,0.168,-5.7587,-0.0434,-3.0,182.67,2.25,1.0,1.0,5.0,5.0,14.222053200555555,0.0,0.0,0.0,12,2,4,0.5,14.0,0.8333,0,99.0,0
CUST-72EA0298,2024-01-17,False,Mid-Market,Annual,Pro,Organic,Finance,Canada,349,1,1,1,0,2,1,12,49.5,51.33,0.4456,0.572,-0.5245,0.0146,16.0,165.75,2.42,4.0,2.0,2.75,1.0,12.707000908472224,1.0,0.0,1.0,12,1,6,0.417,12.67,0.9167,1,299.0,0
CUST-70BE9D2D,2024-10-29,False,Mid-Market,Annual,Pro,Partner,Logistics,Canada,63,1,1,1,2,4,1,3,22.0,22.0,0.2967,0.2967,2.5,0.003,-2.0,190.0,3.33,1.0,1.0,5.0,5.0,30.72253321,0.0,0.0,0.0,3,0,1,0.667,9.67,1.0,0,299.0,0
CUST-6BD00694,2024-01-03,True,Mid-Market,Multi-Year,Pro,Partner,Manufacturing,France,363,1,2,1,2,5,2,6,56.33,45.0,0.446,0.42,-7.1429,-0.0239,-17.0,229.0,2.83,1.0,1.0,4.0,4.0,4.847768575277778,0.0,0.0,0.0,6,0,1,0.833,4.33,1.0,0,299.0,1
CUST-B14A1C4B,2024-05-02,False,SMB,Monthly,Pro,Partner,Education,India,243,0,0,1,2,1,4,8,42.62,46.33,0.4481,0.6087,-2.2262,0.0645,-24.0,179.38,2.88,4.0,3.0,3.0,2.0,13.860367962916666,0.75,0.0,0.0,8,1,2,0.625,11.62,0.875,0,299.0,0
CUST-5AF41F86,2023-10-29,False,Mid-Market,Monthly,Pro,Paid,Finance,US,429,1,0,1,1,2,6,15,31.4,8.0,0.3035,0.1287,-4.6643,-0.0355,-3.0,200.13,2.07,1.0,1.0,3.0,3.0,9.924246058333333,1.0,0.0,0.0,15,0,1,0.933,1.73,1.0,0,299.0,0
CUST-5D04D5AB,2023-09-10,False,SMB,Annual,Pro,Partner,Finance,India,478,0,1,1,2,2,4,16,82.44,86.0,0.7776,0.7617,0.2485,0.0022,16.0,528.0,5.38,2.0,2.0,3.0,1.0,11.070394341805555,0.0,0.0,2.0,16,1,1,0.875,2.38,0.9375,0,299.0,0
CUST-45C41AAF,2023-09-26,False,SMB,Monthly,Pro,Partner,Retail,Australia,462,0,0,1,2,6,0,16,33.88,14.33,0.3111,0.1797,-3.7441,-0.0288,2.0,224.5,2.69,2.0,1.0,2.0,2.0,23.203633338472223,0.0,0.5,1.0,16,4,1,0.688,11.25,0.75,1,299.0,0
CUST-CD9C801D,2024-03-10,True,SMB,Monthly,Pro,Partner,Logistics,India,296,0,0,1,2,4,4,9,48.33,31.33,0.4404,0.304,-5.0167,-0.0513,8.0,210.0,2.44,2.0,2.0,3.0,3.0,18.631403642083335,0.0,0.5,0.0,9,0,2,0.778,3.44,1.0,0,299.0,1
CUST-F0876594,2024-07-13,True,SMB,Monthly,Pro,Partner,Retail,UK,171,0,0,1,2,6,5,4,61.5,54.67,0.6087,0.602,-11.4,-0.0121,-28.0,200.5,3.25,0.0,0.0,0.0,0.0,0.0,0.0,0.0,0.0,4,0,0,1.0,0.0,1.0,0,299.0,1
CUST-B3C79FDA,2024-02-24,True,SMB,Multi-Year,Basic,Paid,Manufacturing,France,311,0,2,0,1,5,2,10,44.1,31.33,0.3863,0.2863,-5.0727,-0.0423,-16.0,219.9,2.2,2.0,2.0,3.5,2.0,29.37989060125,0.5,0.0,1.0,10,0,1,0.9,2.2,1.0,0,99.0,1
CUST-B07F9537,2023-09-11,True,SMB,Monthly,Basic,Referral,SaaS,US,477,0,0,0,3,7,6,9,78.11,79.0,0.7733,0.7633,0.05,-0.0092,-2.0,461.22,4.89,1.0,1.0,5.0,5.0,11.085187483888888,1.0,0.0,0.0,9,0,1,0.889,2.56,1.0,0,99.0,1
CUST-DECB338E,2022-12-11,False,SMB,Monthly,Pro,Organic,Logistics,UK,751,0,0,1,0,4,5,25,78.96,80.0,0.7592,0.738,0.4331,-0.0006,0.0,503.0,4.48,3.0,1.0,4.333333333333333,4.0,21.401428769166667,0.0,0.333,1.0,25,0,4,0.84,2.92,1.0,0,299.0,0
CUST-E8645913,2024-03-25,False,Mid-Market,Annual,Enterprise,Partner,Manufacturing,Germany,281,1,1,2,2,5,3,10,33.2,38.0,0.3667,0.42,1.2485,0.0028,1.0,212.7,2.7,4.0,2.0,1.5,1.0,48.77278890715278,0.0,0.25,1.0,10,0,2,0.8,2.1,1.0,0,999.0,0
CUST-AD1017CA,2023-07-31,True,Enterprise,Annual,Enterprise,Organic,Finance,UK,519,2,1,2,0,2,5,15,77.27,81.67,0.7527,0.7257,-0.1857,-0.0065,-2.0,510.6,3.73,0.0,0.0,0.0,0.0,0.0,0.0,0.0,0.0,15,0,0,1.0,0.0,1.0,0,999.0,1
CUST-729970E8,2024-04-16,True,Mid-Market,Annual,Pro,Paid,Healthcare,US,259,1,1,1,1,3,6,4,78.25,77.0,0.7795,0.803,-1.9,0.0234,-10.0,482.75,3.75,1.0,1.0,5.0,5.0,24.13143194861111,0.0,1.0,0.0,4,0,0,1.0,0.0,1.0,0,299.0,1
CUST-18B1587C,2023-08-01,False,Mid-Market,Annual,Pro,Partner,Finance,Australia,518,1,1,1,2,2,0,17,82.41,75.33,0.7482,0.748,-0.1152,-0.0018,3.0,498.88,4.59,3.0,2.0,4.666666666666667,4.0,25.799468118703704,0.0,0.0,0.0,17,0,1,0.941,1.35,1.0,0,299.0,0
CUST-FBF7AA1B,2024-12-01,True,SMB,Monthly,Basic,Partner,SaaS,Canada,30,0,0,0,2,7,1,1,23.0,23.0,0.287,0.287,0.0,0.0,0.0,0.0,3.0,0.0,0.0,0.0,0.0,0.0,0.0,0.0,0.0,1,0,0,1.0,0.0,1.0,0,99.0,1
CUST-46FEDCA1,2024-02-21,False,Mid-Market,Monthly,Pro,Paid,E-commerce,US,314,1,0,1,1,0,6,11,82.18,76.33,0.7839,0.7767,-0.6909,-0.0012,0.0,483.64,4.27,1.0,1.0,5.0,5.0,19.818918028333336,1.0,0.0,1.0,11,0,1,0.909,1.09,1.0,0,299.0,0
CUST-B927C1CB,2023-12-29,False,SMB,Multi-Year,Pro,Referral,Healthcare,France,368,0,2,1,3,3,2,13,39.46,22.33,0.3487,0.18,-4.2527,-0.0421,-10.0,214.46,3.77,3.0,3.0,2.3333333333333335,2.0,14.055947944907407,0.667,0.0,0.0,13,0,3,0.769,3.54,1.0,0,299.0,0
CUST-4957C580,2024-10-18,False,Enterprise,Multi-Year,Enterprise,Referral,Healthcare,India,74,2,2,2,3,3,4,3,11.67,11.67,0.2487,0.2487,-3.5,0.036,-16.0,294.0,1.67,1.0,1.0,4.0,4.0,16.89739316138889,0.0,0.0,1.0,3,1,0,0.667,14.0,0.6667,1,999.0,0
CUST-A40245C3,2023-02-24,False,Mid-Market,Multi-Year,Pro,Organic,Retail,US,676,1,2,1,0,6,6,23,79.65,69.33,0.7627,0.7533,-0.4249,0.0014,-35.0,474.83,5.0,4.0,3.0,4.5,3.0,24.65237310048611,0.0,0.75,0.0,23,0,1,0.957,1.26,1.0,0,299.0,0
CUST-A9B8EA25,2024-07-07,False,SMB,Annual,Basic,Paid,SaaS,Australia,177,0,1,0,1,7,0,6,53.83,59.0,0.555,0.6487,-0.0286,0.0625,-32.0,241.67,2.67,2.0,2.0,4.0,4.0,13.333822840416666,0.5,0.0,0.0,6,1,3,0.333,20.5,0.8333,1,99.0,0
CUST-DC7160E9,2023-05-20,False,SMB,Monthly,Basic,Organic,E-commerce,UK,591,0,0,0,0,0,5,20,81.2,85.67,0.7295,0.7267,0.0331,0.002,-7.0,485.6,4.55,5.0,2.0,3.2,1.0,19.847672874888893,0.0,0.0,2.0,20,1,2,0.85,3.0,0.95,0,99.0,0
CUST-02D89065,2023-05-12,False,SMB,Monthly,Pro,Referral,Logistics,UK,599,0,0,1,3,4,5,20,81.85,90.67,0.7776,0.801,0.5932,-0.0015,-5.0,530.9,4.6,2.0,1.0,1.5,1.0,12.464430453888887,0.0,0.0,0.0,20,0,1,0.95,1.1,1.0,0,299.0,0
CUST-3609577E,2023-12-06,False,Mid-Market,Monthly,Enterprise,Organic,Manufacturing,Germany,391,1,0,2,0,5,3,13,78.38,73.67,0.7352,0.782,0.0714,0.0078,11.0,466.15,4.31,0.0,0.0,0.0,0.0,0.0,0.0,0.0,0.0,13,0,1,0.923,1.62,1.0,0,999.0,0
CUST-ED98BB67,2022-08-14,False,SMB,Monthly,Basic,Paid,Finance,India,870,0,0,0,1,2,4,29,78.03,84.0,0.7451,0.722,-0.23,-0.0009,7.0,503.03,5.21,6.0,1.0,4.166666666666667,2.0,26.14294348277778,0.0,0.0,1.0,29,0,2,0.931,0.9,1.0,0,99.0,0
CUST-E8CF3A13,2024-02-20,True,SMB,Monthly,Pro,Organic,Finance,US,315,0,0,1,0,2,6,8,41.5,37.67,0.4774,0.411,-0.8333,-0.0128,-67.0,185.5,1.62,4.0,4.0,3.25,2.0,13.058987224722223,0.25,0.5,1.0,8,0,2,0.625,1.88,0.75,0,299.0,1
CUST-81C402A5,2024-05-12,True,SMB,Monthly,Pro,Organic,Finance,UK,233,0,0,1,0,2,5,6,55.67,54.67,0.5025,0.635,0.5143,0.0549,-6.0,151.0,2.33,1.0,1.0,4.0,4.0,23.814359856666666,0.0,0.0,1.0,6,2,0,0.667,11.17,0.6667,2,299.0,1
CUST-AF3AD8B4,2024-03-04,True,SMB,Monthly,Pro,Partner,Manufacturing,Canada,302,0,0,1,2,5,1,6,50.67,41.33,0.4488,0.363,-7.5429,-0.0503,-12.0,160.17,2.0,1.0,1.0,1.0,1.0,5.900672932777777,0.0,0.0,0.0,6,0,1,0.833,4.83,1.0,0,299.0,1
CUST-0CCC15F4,2024-10-29,True,Enterprise,Annual,Enterprise,Partner,Healthcare,Germany,63,2,1,2,2,3,3,3,19.33,19.33,0.379,0.379,20.0,0.13,34.0,217.0,1.0,1.0,1.0,2.0,2.0,14.12061928111111,1.0,0.0,0.0,3,0,2,0.333,13.0,1.0,0,999.0,1
CUST-3EF296C9,2024-09-06,True,Mid-Market,Annual,Pro,Organic,Education,Germany,116,1,1,1,0,1,3,4,51.0,47.67,0.616,0.566,-6.0,-0.1074,-10.0,225.5,2.5,0.0,0.0,0.0,0.0,0.0,0.0,0.0,0.0,4,0,1,0.75,5.0,1.0,0,299.0,1
CUST-0E0AF96C,2024-02-11,False,Mid-Market,Monthly,Enterprise,Partner,Education,Canada,324,1,0,2,2,1,1,11,35.27,37.0,0.419,0.3813,0.7273,0.0031,5.0,143.55,3.09,9.0,6.0,2.111111111111111,1.0,44.85641401237654,0.0,0.444,1.0,11,0,0,1.0,0.0,1.0,0,999.0,0
CUST-EB3803D5,2024-05-07,True,SMB,Monthly,Pro,Paid,Healthcare,UK,238,0,0,1,1,3,5,8,44.12,37.33,0.4086,0.3013,-4.7024,-0.0441,4.0,211.88,2.62,0.0,0.0,0.0,0.0,0.0,0.0,0.0,0.0,8,0,2,0.75,3.5,1.0,0,299.0,1
CUST-8E3FD891,2023-11-08,False,Mid-Market,Annual,Pro,Referral,Education,Germany,419,1,1,1,3,1,3,14,83.57,81.33,0.7514,0.809,-0.044,0.0101,-18.0,474.64,4.36,2.0,1.0,5.0,5.0,28.02730900125,0.0,0.0,1.0,14,1,1,0.857,3.0,0.9286,0,299.0,0
CUST-19B31946,2024-04-01,True,SMB,Monthly,Pro,Paid,Healthcare,Germany,274,0,0,1,1,3,3,9,47.89,22.0,0.406,0.2697,-7.35,-0.0577,-16.0,212.78,1.89,0.0,0.0,0.0,0.0,0.0,0.0,0.0,0.0,9,0,3,0.667,6.44,1.0,0,299.0,1
CUST-CC0C6320,2023-07-12,False,Mid-Market,Annual,Pro,Referral,Logistics,India,538,1,1,1,3,4,4,18,35.5,34.33,0.3997,0.4023,-0.4778,-0.0005,-15.0,222.67,2.39,11.0,3.0,1.9090909090909092,1.0,39.91115013590909,0.091,0.455,3.0,18,3,1,0.778,5.5,0.8333,0,299.0,0
CUST-D6A3FF2E,2024-03-08,False,Enterprise,Multi-Year,Enterprise,Organic,Logistics,UK,298,2,2,2,0,4,5,10,43.3,38.0,0.5673,0.5513,-0.5152,-0.0256,20.0,209.8,2.4,4.0,4.0,3.75,3.0,16.553665731041665,0.25,0.25,0.0,10,4,2,0.4,14.0,0.6,1,999.0,0
CUST-63ECFC5A,2024-11-12,False,Mid-Market,Monthly,Pro,Partner,Manufacturing,UK,49,1,0,1,2,5,5,2,24.5,24.5,0.156,0.156,0.0,0.0,11.0,249.5,3.0,0.0,0.0,0.0,0.0,0.0,0.0,0.0,0.0,2,0,0,1.0,0.0,1.0,0,299.0,0
CUST-57674D21,2024-10-22,True,Mid-Market,Annual,Pro,Partner,E-commerce,US,70,1,1,1,2,0,6,3,24.67,24.67,0.206,0.206,-9.0,-0.008,19.0,241.33,3.0,1.0,1.0,1.0,1.0,21.75521900444444,0.0,0.0,0.0,3,0,1,0.667,3.33,1.0,0,299.0,1
